parent_key,title,unigram_community,bigram_community
K5QMX9Y8,Do solar panels contain PFAS?,0,9
YKQ7T8J2,Evaluation method and module design for cost-effective compliance with irradiance guidelines to maintain soil quality in solar parks,0,9
Y7TRFIK3,Evidence of absence regression: a binomial N-mixture model for estimating fatalities at wind energy facilities,1,3
KZSSCSS7,Evidence of absence regression: a binomial N-mixture model for estimating fatalities at wind energy facilities,1,3
YNJZWZ9D,Estimating wind-turbine-caused bird and bat fatality when zero carcasses are observed,1,7
XKXCMN8M,Soil erosion and erosion-induced lateral soil organic carbon loss associated with photovoltaic development across China,0,11
CS6Y56QP,Birds of prey and photovoltaic installations in an intensively managed agricultural landscape: year-round habitat use across different habitats,9,2
F8N3J3HT,Counterfactual thinking and impact evaluation in environmental policy,0,
7Q7VJWWE,Moving across the border: modeling migratory bat populations,1,0
XKVX4K76,"Bat activity, insect biomass, and temperature along an elevational gradient",1,0
A7H8IMD8,Frequently asked questions (FAQs) - U.S. Energy Information Administration (EIA),5,2
GPIDYLFD,Habitat alteration or climate: What drives the densities of an invading ungulate?,6,1
AHUY2HRL,Renewables 2021: Analysis and forecast to 2026,2,
VQIJT5Q6,Clean power annual market report 2022,3,
NS8CH2LE,Bat impact minimization technology: An improved bat deterrent for the full rotor swept area of any wind turbine,7,8
V6QV9UDJ,Near-ultraviolet light reduced Sandhill crane (Antigone canadensis) collisions with a power line by 98%,8,13
P9PQCS9Y,NedPower Mount Storm Wind Energy Facility post-construction avian and bat monitoring report: April - July 2011,3,10
RBL3QPSF,Raptor electrocution rates for a utility in the Intermountain Western United States,1,5
VEDI889P,Carcass removal by scavengers and search accuracy affect bird mortality estimates at power lines,1,13
TLEQBGXR,Carrion decomposition and nutrient cycling in a semiarid shrub–steppe ecosystem,1,1
BPZWW8JC,Characterizing and visualizing the impact of energy storage on renewable energy curtailment in bulk power systems,7,4
ANKY5787,Climate and weather impact timing of emergence of bats,1,0
8GCWMBB4,Predictive occurrence models for bat species in California,1,0
CWUFPBSU,Stable hydrogen isotope analysis of bat hair as evidence for seasonal molt and long-distance migration,1,0
JEXFW5AF,Seasonal distribution of migratory tree bats (Lasiurus and Lasionycteris) in North America,7,0
9SIMSHFV,Prairie grouse leks and wind turbines: U.S. Fish and Wildlife Service Justification for a 5-mile buffer from leks; Additional grassland songbird recommendations,9,3
Z6B2YSW2,"Towers, turbines, power lines, and buildings—steps being taken by the U.S. Fish and Wildlife Service to avoid or minimize take of migratory birds at these structures",1,13
IA57ZQ2Y,"Net-Zero America: Potential Pathways, Infrastructure, and Impacts",0,14
63AGNPIU,Using technology to improve the management of development impacts on biodiversity,10,8
ZJCB3D9T,Exploring and contextualizing public opposition to renewable electricity in the United States,10,4
9G7PYQ6C,Distributions of Eastern and Western Red Bats in Western North America,7,0
T6C2L3P5,First Direct Evidence of Long-distance Seasonal Movements and Hibernation in a Migratory Bat,1,0
EJ4PB62Y,Impacts of geophysical seismic surveying on fishing success,4,19
RYJJVPWT,Ultrasonic jet bat deterrent system advancement,7,8
VAB4MWTU,The cultural barriers to renewable energy and energy efficiency in the United States,10,4
HITUG2UB,Public perceptions of electric power transmission lines,10,10
2EZLEUU6,Political efficacy and familiarity as predictors of attitudes towards electric transmission lines in the United States,10,10
SQDGTTDI,The determinant of US consumers attitudes toward solar energy,0,2
W2LVP5HC,"A great idea, just not near me! Understanding public attitudes about renewable energy facilities",10,4
UFLT6RSL,Why are we being punished and they are being rewarded? Views on renewable energy in fossil fuels-based communities of the U.S. west,5,4
8XDNVWRU,Improving public attitude towards renewable energy,10,4
WJT5YAIX,Generation gaps in US public opinion on renewable energy and climate change,10,4
U9PHGRNF,Activity patterns of bats during the fall and spring along ridgelines in the central Appalachians,1,0
9S7LQG32,Remnant trees increase bat activity and facilitate the use of vineyards by edge-space bats,1,0
HXJ9B98A,North American regional reanalysis,,9
PX2JD98Q,Experimental design and robust regression,14,6
UFSIQ8QW,Radar-based automated bird control system at CNRL Horizon's tailing pond – Technology overview and efficacy,8,
X3JX3FH9,Field validation of radar systems for monitoring bird migration,8,7
I8EYXPBJ,"Temperature, rainfall, and moonlight intensity effects on activity of tropical insectivorous bats",1,
7TBBLS9B,How high is high? Using percentile thresholds to identify peak bat activity,1,0
HKU35MZW,Americas biodiversity metric,0,3
59H2APZZ,Perspectives and challenges for the use of radar in biological conservation,8,7
3NSSIT5V,Design of an Artificial Vision System to Detect and Control the Presence of Black Vultures at Airfields,8,1
YXGBQ3N4,Wildlife and renewable energy: German politics cross migratory bats,1,0
JQCMRQXH,Transmission interconnection roadmap: transforming bulk transmission interconnection by 2035,0,
BR7ADY64,Lead from spent ammunition: A source of exposure and poisoning in bald eagles,6,5
RYG8J5GN,Factors influencing the acquisition of rodent carrion by vertebrate scavengers and decomposers,1,12
ERHMZTPJ,"Characterising the impacts of emerging energy development on wildlife, with an eye towards mitigation",5,18
RSXFJDHI,Arguments for using population models in incidental take assessments for endangered species,6,16
NNF4PGJ8,New Jersey Department of Environmental Protection baseline studies,3,7
UCALQUTB,Estimating animal densities in the aerosphere using weather radar: To <i>Z</i> or not to <i>Z</i> ?,8,7
7ARZKWCM,"Effects of wind energy production on growth, demography, and survivorship of a Desert Tortoise (Gopherus agassizii) population in Southern California with comparisons to natural populations",0,2
NW5BHRVH,"Turtles, culverts, and alternative energy development: an unreported but potentially significant mortality threat to the Desert Tortoise (Gopherus agassizii)",4,2
7C6MYYWF,Upland raptors and the assessment of wind farm impacts,2,1
Q4INHRRL,Multiple species inventory and monitoring technical guide,1,
VXD3SUEX,"Bird strikes and electrocutions at power lines, communication towers, and wind turbines: state of the art and state of the science – next steps toward mitigation",1,13
MVAD5KBN,Effects of wind farms and food scarcity on a large scavenging bird species following an epidemic of bovine spongiform encephalopathy,2,0
GCU2BN7R,Effects of wind energy development on nesting ecology of greater prairie-chickens in fragmented grasslands,9,3
LK5BKMI6,Putting Aeolus to work without the death toll: federal wind farm siting guidelines can mitigate avian and chiropteran mortality,3,1
KTA9HQRJ,Patterns of avian and bat mortality at a utility-scaled wind farm on the southern high plains,3,1
ZNDAHKKL,Avian and bat survey protocols for large wind energy conversion systems in Minnesota,3,10
9SSR7LZA,Searcher bias and scavenging rates in bird/wind energy studies,1,13
MX8F296M,Bird sensitivity mapping for wind energy developments and associated infrastructure in the Republic of Ireland,2,3
S3HXWU85,Pennsylvania Game Commission wind energy voluntary cooperation agreement second summary report,7,3
UGYKRQQT,Bats avoid radar installations: could electromagnetic fields deter bats from colliding with wind turbines?,1,0
ITJP7R57,Assessment and prediction of bird and bat mortality at wind energy facilities in the southeastern United States,1,8
FETCPYK5,Impact of terrestrial wind farms on diurnal raptors: developing a spatial vulnerability index and potential vulnerability maps,2,1
JDQC9PMA,Avian baseline studies for the North Sky River wind energy project: winter interim report,3,8
I3ALMM64,Harrow wind farm 2010 post-construction monitoring report,3,13
NZ3NTJJS,Avian and bat protection plan for the Ocotillo wind energy facility,3,10
TP7L2ED8,Some clouds have a silver lining: paradoxes of anthropogenic perturbations from study cases on long-lived social birds,1,1
SN58W84Q,The distribution of breeding birds around upland wind farms,2,1
VF7J48NP,Efficacy of non-lead ammunition distribution programs to offset fatalities of golden eagles in southeast Wyoming,6,5
YD9GYJW4,Seeing in the dark: Using thermal imaging to directly observe nocturnal migration,8,7
BQEJHBYI,"Wind energy expansion in Brazil and implications for the conservation of threatened amphibians, birds and reptiles",5,3
T7STH3HM,"Zieliński, Marchlewski - 2007 - Report on monitoring influence of wind farm in the vicinity of Gnieżdżewo (gmina of Puck, pomorskie voiv",15,1
QKQ9UBNR,"Zieliński, Bela, Marchlewski - 2008 - Report on monitoring of the wind farm impact on birds in the vicinity of Gnieżdżewo (gmina Puck, p",15,1
44CF9R3J,"Zieliński, Bela, Marchlewski - 2008 - Report on monitoring of the wind farm impact on birds in the vicinity of Gnieżdżewo (gmina Puck(2)",15,1
CXQ7GIB5,"Zagmajster, M., Jancar, T., Mlakar - 2007 - First records of dead bats from windfarms in Croatia",2,3
FIJQUBBU,"Young, Poulton - 2007 - AVIAN AND BAT CUMULATIVE IMPACTS ANALYSIS SHEPHERDS FLAT WIND PROJECT GILLIAM AND MORROW COUNTIES, OREGON",3,10
DWPYV84R,"Young, Lout, Bay - 2012 - Avian Migration Studies for the Beech Ridge Wind Energy Project Expansion Area Greenbrier and Nicholas Coun(3)",3,8
M6NU79V2,Young et al. - 2012 - NedPower Mount Storm Wind Energy Facility Post-Construction Avian and Bat Monitoring July - October 2011,3,10
NVGD97QJ,Young et al. - 2011 - NedPower Mount Storm Wind Energy Facility Post-Construction Avian and Bat Monitoring July - October 2010,3,10
U2UH28IA,Young et al. - 2007 - Puget Sound Energy Hopkins Ridge Wind Project Phase 1 Post-Construction Avian and Bat Monitoring First Annual Repo,3,10
DP8HFW2T,"Young et al. - 2004 - Baseline Avian Studies Mount Storm Wind Project, Grant County, West Virginia Final Report",3,10
ACICWGAP,"Young et al. - 2003 - Avian and Bat Mortality Associated With the Initial Phase of the Foote Creek Rim Windpower Project, Carbon County",3,10
8ILUUDRH,young et al 2006 eurus combine hills mortality study,3,12
ZYD2P5MC,WindForce ERD Final Aug06,3,
WIWI2SMY,"Wind et al. - 2014 - Fish and Wildlife Habitats and Species Wheatridge Wind Energy , LLC",3,14
5ADIVCG3,Wilton_IV_Spring_2012_Avian_Report_complete[1],3,
3F7DIKGH,Westwood Professional Services - 2012 - Avian and Bat Protection Plan Including Bird and Bat Conservation Strategies and an Eagle Conser,3,10
NLYWUUXG,Western EcoSystems Technology Inc - 2006 - Diablo Winds Wildlife Monitoring Progress Report March 2005 – February 2006,10,13
VQI3NL72,"West Inc. - 2007 - Wildlife and habitat baseline study for the Whiskey Ridge Wind Power Project, Kittitas County, Washington",3,7
8T5Z43ZL,USFWS U.S. Fish and Wildlife Service - 2013 - Changes in the Regulations Governing Eagle Permitting Questions and Answers,3,14
8TRWLEQE,US Fish and Wildlife Service - 2006 - Indiana bat (Myotis sodalis) draft recovery plan first revision,3,14
472ID5U2,Unknown - Unknown - Methodologies for Evaluating Bird and Bat Interactions with Wind Turbines in Maine.pdf,4,7
6U9N5DFU,"Unknown - Unknown - Birds , Bats , and their Habitats",4,7
GRJMMZH9,Unknown - 2014 - Sunflower Wind Project DRAFT Environmental Assessment,4,10
D2SILR24,Unknown - 2013 - Draft Environmental Impact Statement for Proposed Habitat Conservation Plan and Incidental Take Permit Fowler Ridge Win,3,10
KHCXZQIF,U.S. Fish and Wildlife Service (USFWS) - 2011 - Golden Eagle. Status Fact Sheet,3,14
U4E9XI4U,U.S. Department of the Interior - 2013 - Eagle Permits Changes in the Regulations Governing Eagle Permitting,6,14
Y3PZH8HJ,Tule Wind LLC - 2011 - Project-Specific Avian and Bat Protection Plan for the Tule Wind Project,3,10
936GZWGU,TRC_2008_AvianBatFatalityMonitoring-JudithGapMT,,
RTAY239V,TNC 2012 lake-ontario-migratory-bird-stopover-technical-report,8,14
7GGVJ2HM,"Tidhar, Merrill - 2011 - Study Plan for Post Construction Bird and Bat Acoustic Monitoring for the Colebrook Wind Resource Area, Litchfi",3,5
2Y6SDVSN,Tetra Tech - 2015 - 2014 Bat Survey Report Wilton IV Wind Energy Center,3,5
9P5NUKTB,Tetra Tech - 2014 - LALAMILO WIND FARM REPOWERING PROJECT Draft Environmental Assessment,3,8
GMLFJWT3,Tetra Tech - 2011 - Final Environmental Impact Assessment Cimarron Wind Energy Project - Phase 1,3,8
QA9UBL5R,"Technology - 2013 - Fowler Ridge Wind Farm , Benton County , Indiana Indiana Bat Habitat Conservation Plan",3,10
XAUU2FMK,"Taylor, Solick, Bay - 2012 - Hermosa West Wind Energy Project Draft EIS - Appendix F Bat Acoustical Studies",2,8
X2UL2ZZK,SWCA Environmental Consultants - 2010 - Avian and bat protection plan for the Spring Valley Wind Energy Facility(2),3,10
D2YTP39A,SWCA - 2009 - Spring Valley Wind Power Generating Facility Final Preconstruction Survey Results Report,3,7
B2XFV9C2,Survey - 2011 - Appendix D-18 Desert Tortoise Survey 2011,0,2
6FWJMS8G,Stantec-2008-Fall_2007_bat_migr_srvy_report_oakfield_wind_project,12,10
WSQYPC7G,Stantec Consulting Services Inc - 2012 - Appendix C Avian and Bat Protection Plan for the Buckeye Wind Power Project,12,10
85RBD3JM,Stantec Consulting Ltd (Stantec) - 2012 - Wolfe Island Wind Plant Post-construction Follow-Up Plan Bird and Bat Resources Monitoring Rep NO 6,12,13
EMEE3YEB,Stantec Consulting Ltd (Stantec) - 2011 - Wolfe Island Wind Plant Post-construction Follow-up Plan Bird and Bat Resources Monitoring Rep NO 3,12,13
5TJP7IPE,Stantec Consulting Ltd (Stantec) - 2011 - Wolfe Island Wind Plant Post-construction Follow-up Plan Bird and Bat Resources Monitoring NO 5,12,13
EYMYTSQE,Stantec Consulting Ltd (Stantec) - 2011 - Wolfe Island Wind Plant Post-construction Follow-up Plan Bird and Bat Resources Monitoring NO 4,12,13
PJUVGDAU,Stantec Consulting Ltd (Stantec) - 2010 - Wolfe Island EcoPower Centre Post-Construction Follow-Up Plan Bird and Bat Resources Monitorin NO 1,12,13
SC7B6DKN,"Stantec Consulting Inc (Stantec) - 2011 - Cohocton and Dutch Hill Wind Farms Year 2 Post-Construction Monitoring Report, 2010",12,13
K6NJ5W5M,"Stantec Consulting Inc (Stantec) - 2009 - Stetson I Mountain Wind Project Year 1 Post-Construction Monitoring Report , 2009",12,13
EQXPKTPG,"Stantec Consulting Inc (Stantec) - 2009 - Post-construction Monitoring at the Munnsville Wind Farm, New York 2008",12,13
GUF963VF,"Stantec Consulting Inc (Stantec) - 2009 - Post-construction Monitoring at the Mars Hill Wind Farm, Maine - Year 2",12,13
HGPQW2UQ,"Stantec Consulting Inc (Stantec) - 2008 - 2007 Spring, Summer, and Fall Post-construction Bird and Bat Mortality study at the Mars Hill",12,13
RLPTIF3R,"Stantec Consulting Inc - 2009 - 2009 Spring, Summer, and Fall Avian and Bat Surveys for the Groton Wind Project in Groton, New Hampshire",12,10
KJDPZ35G,"Stantec Consulting - 2013 - Study Plan for Post-Construction Monitoring Surveys Wild Meadows Wind Project, Grafton and Merrimac Counties",12,13
JSI62JEX,Stantec Consulting - 2010 - WOLFE ISLAND ECOPOWER CENTRE POST-CONSTRUCTION FOLLOW- UP PLAN BIRD AND BAT RESOURCES,12,13
JATDDHMG,"Sowler, Stoffberg - 2014 - South African Good Practice Guidelines for Surveying Bats at Wind Energy Facility Developments - Pre-construc",3,3
ZQDZ2BR5,SMW 2012 post consturction monitoring report,3,13
GGNQ2UHM,Service - 2001 - Department of Agriculture,0,2
37M9Z66N,Seefelt - 2012 - Michigan DEQ Coastal Management Program - Program Enhancement Project Bird and Bat Use of Islands and Coastal Areas of,3,8
WT4PLV4H,"SAC Environment & Design - 2012 - Proposed Wind Energy Project and Associated Ancillary Development at Ascog Farm, Bute(2)",3,8
UFYMYEP6,Ripley-PCM-Report-2009-11-10,3,
FKXXA5CQ,Richard Curry Associates - 1997 - Altamont Avian Plan Status Report to the U.S. Fish and Wildlife Service by The Consortium of Altamont,6,14
RMVG5YL8,RH 2012 PCM Report_031313,3,
EUXAJLY3,Redell et al. - 2006 - Patterns of pre- construction bat activity determined using acoustic monitoring at a proposed wind facility in so,1,0
EWZYT6DX,quality wind project bird and bat monitoring 2014,3,10
76GI8U9N,Predatory Bird Research Group - 1997 - A population study of Golden Eagles in the Altamont Pass Wind Resource Area second-year progress,6,5
XH2P72WX,"Power, Electricity - 2006 - Wind Power Today",3,7
XAVWU6ZM,"Poulton, Erickson - 2010 - Post-construction bat and bird fatality study Judith Gap Wind Farm, Wheatland County, Montana Final Report",3,10
DU6MQYWZ,Partners - 2012 - Criterion Wind Project Avian Protection Plan,3,10
HWRU79P5,"Owl, Report - 2011 - Appendix D-19 Burrowing Owl Survey Report 2011",6,5
4RAGMG7M,Ohio Department of Natural Resources Division of Wildlife - 2009 - On-shore bird and bat pre- and post- construction monitoring protocol,3,13
4GR7TTJA,"October et al. - 2013 - 2012 Post-construction Carcass Monitoring Study for the Beech Ridge Wind Farm Greenbrier County, West Virginia F",3,10
JVHNIJWS,NWCC National Wind Coordinating Committee - 2004 - Wind turbine interactions with birds and bats a summary of research results and re(2),5,14
268AUE26,NRSI_1083_Revised_Conestogo_WF_Post_Construction_Follow-up_P,3,13
Q7BQFALK,New Jersey Department of Environmental Protection - 2009 - Technical Manual for Evaluating Wildlife Impacts of Wind Turbines Requiring C,3,7
I2WGYMBD,NE Wind  Wildlife Guidelines_March 2013,3,13
WJ72QJHD,"Morrison, Davis - 1995 - Protocols for Evaluation of Existing Wind Developments and Determination of Bird Mortality",3,5
S66VTL9P,Monitoring - 2008 - Shepherds Flat Wind Farm Wildlife Monitoring and Mitigation Plan,3,1
KJV7LYSY,"Meridian Energy Ltd. - 2012 - New Zealand Falcon Monitoring and Risk Assessment, Hurunui Wind Farm",2,1
T934UAP5,ME Audubon Wind-Power-and-Wildlife-Full-Report 2013,3,7
6J4K8H2C,"McMahon, Marr - 2009 - Preliminary Flora and Fauna Assessment - Penshurst Wind Farm",2,1
5XKDJXFR,mcleans_post_construction_monitoring_plan_160911_compiled,3,13
AB25IFVJ,Mcisaac - 2001 - Raptor acuity and wind turbine blade conspicuity,9,0
2F3Y8FRI,macarthur-bat-and-avifauna-mortality-monitoring-report-full,3,
QX24JWV8,"Mabey, Paul - 2007 - Critical Literature Review Impact of wind energy and related human activities on grassland and shrub-steppe birds",2,1
E6WXS6IB,Leopold and Hutchins - 2016 - ImpactWindEnergyWildlifeSynthesis,2,
Y8IBRSP4,LeBeauEtal - 2016 - Effects of a Wind Development on Greater Sage Grouse,9,3
AKP2BMAX,"Krenz, McMillan - 2000 - Wind-turbine related bat mortality in southwestern Minnesota Final Report",3,10
7LCXVVUT,"Kerlinger, Curry - 2006 - Post-Construction Avian and Bat Fatality Monitoring Study for the High Winds Wind Power Project Solano Coun(2)",3,10
E3QLNWDD,"Kerlinger, Curry - 1999 - An evaluation of the impact of the Alameda CountyLandowner ground squirrel management program on squirrel abun",3,5
4YEZWLUP,"Kerlinger et al. - 2007 - Migratory Bird & Bat Monitoring Study at the Crescent Ridge Wind Power Project, Bureau County, Illinois Septem",3,7
U92TLWDV,Kadaba - 2013 - BEFORE THE CALIFORNIA FISH AND GAME COMMISSION A Petition to List the Desert Kit Fox ( Vulpes macrotis arsipus ) as T,0,5
QGCXH5P5,"Jones - 2012 - Best Management Practices for siting, developing, operating and monitoring renewable energy in the Intermountain West A C",0,4
YPNSA333,"Johnston, Scott Jones, Tim, Dawson - Unknown - Assessing Bird and Bat Migration Over Appalachian Ridges(2)",4,8
AHURIDAP,Johnston et al. - 2013 - Bird and Bat Movement Patterns and Mortality at the Montezuma Hills Wind Resource Area(2),6,5
3AY69IHE,JohnsonEtal - 2016 - Comparison of Approaches,8,
D8FH4C96,"Johnson, Strickland - 2004 - An Assessment of Potential Collision Mortality of Migrating Indiana Bats (Myotis sodalis) and Virginia Big-",3,14
FS48LQQY,"Johnson, Erickson - 2011 - Avian, Bat and Habitat Cumulative Impacts Associated with Wind Energy Development in the Columbia Plateau (2)",3,3
VFKMTDQK,"Johnson et al. - 2003 - Avian and Bat Mortality During the First Year of Operation at the Klondike Phase I Wind Project, Sherman Coun(2)",3,10
U9XEX4S5,Jeffrey et al. - 2009 - Portland General Electric Biglow Canyon Wind Farm Phase I Post-Construction Avian and Bat Monitoring First Annua,3,10
VTFGBGB9,Jain et al. - 2009 - Annual Report for the Maple Ridge Wind Power Project Post-construction Bird and Bat Fatality Study - 2008,3,7
J3AX3YMF,Jain et al. - 2007 - Annual Report for the Maple Ridge Wind Power Project Postconstruction Bird and Bat Fatality Study - 2006. Final Rep,3,7
PDNEZIXS,"Isaacs - 2012 - GOLDEN EAGLES (Aquila Chrysaetos) NESTING IN OREGON, 2011",6,5
5SM5SMZ6,Insignia Environmental - 2009 - 20082009 Annual Report for the Buena Vista Avian and Bat Monitoring Project,3,10
EYBJ5YGH,Iberdrola Renewables - 2008 - Avian and bat protection plan,3,10
LIDXJA53,HutchinsEtal - 2016 - ABCsBirdSmart,,
UXWC97T8,"Hunt, Culp - 1997 - The influence of high ground squirrel densities on the occurence of golden eagles on Altamont ownership consortium p",6,5
CR8VVDR7,"Howell, DiDonato - 1991 - Assessment of Avian Use and Mortality Related to Wind Turbine Operations Altamont Pass, Alameda and Contra Cos",6,5
WLQ4PGB7,"Howe, Evans, Wolf - 2002 - Effects of Wind Turbines on Birds and Bats in Northeastern Wisconsin",3,8
28QCLTCB,"Higgins, Dieter, Usgaard - 1995 - Monitoring of seasonal bird activity and mortality on unit 2 at the Buffalo Ridge Windplan, Minnesota",3,5
FRA8X6WJ,"Hein et al. - 2008 - An acoustic study of bat activity at the proposed Coyote Crest Wind Power Project, Washington, Spring - Fall 2008",1,7
IFBFIG84,Hein and Schirmacher - 2016 - WindEnergyAndBats,1,
RXZTVE6L,HatchetRidgeYear2FinalReport3-13,,
YGIHTYEM,"Halley, Hopshaug - Unknown - Breeding and overland flight of red- throated divers",4,6
9T7UMDKX,"Gruver, Bay, Erickson - 2009 - Post-construction bat and bird fatality study Blue Sky Green Field Wind Resource Area, Fond du Lac County",3,5
S592X9A4,Grodsky et al. - 2011 - Assessing Bird and Bat Mortality at the Forward Energy Center Final Report,3,10
6ZLWH2TM,"Gregory - 2010 - Wind farms and Golden Eagles, the Argyll experience - an update",6,5
L3A5XB5I,Greater_Prairie-Chicken_Wind_Power_Research_Brief_May_2013_Final,9,3
VF8YUNZ4,"Graham, Hudak - 2011 - Potential Hazards of Wind Energy for Rare, Threatened, and Endangered Birds of Bats in Texas",10,8
B9F22IPY,"Good et al. - 2013 - Bat Evaluation Monitoring Studies at the Fowler Ridge Wind Farm Benton County, Indiana August 1 - October 15, 2012",3,10
B6NC7947,"Good et al. - 2012 - Bat Monitoring Studies at the Fowler Ridge Wind Energy Facility, Benton County, Indiana April 1 - October 31, 2011",3,10
XPQZ72DH,Goal et al. - 2013 - Conservation Plan for Greater Sage-grouse in Utah,9,3
HTPGCMQX,GLWC state of the science 2011-research on ecological impacts of wind energy int he Great Lakes,4,7
AZEY5C54,George - 2010 - Clocaenog Forest Wind Farm Collision Risk Model Report,2,15
DZHJNC4M,"Fremgen - 2014 - Lek ecology of male Greater Sage-Grouse in carbon county, Wyoming(2)",9,3
PCW8YGY4,finalbwecproc2008,,
6X843CM6,finalbatpro2004,,
9EBA8S4L,Final Columbia,3,
8P37PQ2P,Exhibit 7E- Weaver Post-Construction Mortality Plan,3,13
GVCNXG2L,Exhibit 7C - Wildlife Report,3,
SNHHRNDZ,Evans 12-23 Avian Acoustic Monitoring Study at MRWP-acc,3,0
4XEQ7JG8,"Erickson, Strickland - 2007 - Interim summary on the effectiveness of the winter period turbine shutdown in the Altamont Pass Wind Resou",6,5
JXHEVJYK,"Erickson, Jeffrey, Poulton - 2008 - Puget Sound Energy Wild Horse Wind Facility Post-Construction Avian and Bat Monitoring First Annual",3,10
3CWTA47S,Erickson et al. - 2007 - Protocol for Investigating Displacement Effects of Wind Facilities on Grassland Songbirds(3),2,8
R7I4S3L8,Erickson et al. - 2004 - Stateline wind project wildlife monitoring final report(3),3,10
4Q4NIFL6,A framework for decision points to trigger adaptive management actions in long-term incidental take permits,6,13
47JA9ERT,Wind energy bird and bat monitoring database: Summary of the findings from post-construction monitoritoring reports,1,0
AJIGQDFU,Hepburn Community Wind Farm bird and bat monitoring: 2011 – 2012 annual report,3,1
9DRSGNLX,Wind energy explained: Frequently asked question and common myths,5,0
K8C97GRC,Regional analysis of wind turbine-caused bat and bird fatality,1,8
NZ2GMFL3,Dokie Wind Energy Project 2011 operational wildlife monitoring,1,8
BTPI8WD7,Bat Activity Rates do not Predict Bat Fatality Rates at Wind Energy Facilities,1,0
Q9R7YFW7,Landscape Factors Associated with Fatalities of Migratory Tree-Roosting Bats at Wind Energy Facilities: An Initial Assessment,1,0
VL9R56ZI,Bat Smart Curtailment: Efficacy and Operational Testing,7,0
EEIGKRVS,Does size matter? Investigation of the effect of wind turbine size on bird and bat mortality,1,5
Z4KVZ8QB,Incidental eagle carcass detection can contribute to fatality estimation at operating wind energy facilities,6,8
NRCF4LM5,Eagles enter rotor‐swept zones of wind turbines at rates that vary per turbine,6,5
A696JSYF,Variation in flight characteristics associated with entry by eagles into rotor‐swept zones of wind turbines,7,5
MG5A6A97,Flight characteristics forecast entry by eagles into rotor‐swept zones of wind turbines,6,5
6CSNL2JR,Lesser prairie‐chicken habitat selection and survival relative to a wind energy facility located in a fragmented landscape,9,3
RZI99E5Q,Patterns in lek persistence and attendance by lesser prairie-chicken (Tympanuchus pallidicinctus) near a wind energy facility in southern Kansas,9,3
UJXGL7C8,WWRF_Summary_Role-of-Regional-Scale-Weather-Variables-in-Predicting-Bat-Mortality-and-Bat-Acoustic-Activity,7,0
W6H4REDU,Spatiotemporal Patterns in Sex Ratios of Bat Fatalities at Wind Energy Facilities in the United States,7,0
53CJ6G2F,Systematic Review of Crop Pests in the Diets of Four Bat Species Found as Wind Turbine Fatalities,1,0
5B44W4G2,"Draft site-wide environmental assessment: Department of Ennergy's National Wind Technology Center, Golden, Colorado at the National Renewable Energy Laboratory",5,4
NXH6UGIH,Proceedings of the the acoustic deterrent workshop,7,0
E8MQL9KL,Minimizing aviation lighting duration reduces bat attraction to wind turbines,1,0
425IKC44,Wildlife protection recommendations for wind energy development in Wyoming,3,3
DK9NV488,"Report for Laurel Mountain Wind Energy Project  in Randolph and Barboud counties, West Virginia: 2013",1,0
ZWKJCCIN,Wind turbines as landscape impediments to the migratory connectivity of bats,1,0
UKFWIK84,"Technical Memorandum: Results of bat acoustic surveys at the proposed Alta East Wind Resource Area Kern County, California",1,5
GEGDRYMA,Golden eagle conservation plan for the Ocotillo Wind Energy Facililty,6,5
3F4MI9L2,"The bats and wind energy cooperative synthesis of activities (2004–2011), key findings and next steps",1,3
JHMUSHP9,"Monitoring of bird and bat collisions with wind turbines at the Summerview Wind Power Project, Alberta 2005-2006",1,1
T2HHQPR2,"Bird and bat interactions with wind turbines Castly River Wind Farm, Alberta 2001-2002",1,1
SE5HVQCR,"Bird and bat monitoring at the McBride Lake wind farm, Alberta 2003-2004",1,1
NSH3MD2F,Surbey of possible operational impacts on bats by wind facilities in Southern Germany,1,0
4NN5P6UY,"Great Lakes avian radar technical report: Huron and Oceana counties, MI",8,7
JM67CQBQ,Bats and wind energy cooperative 4th science and all committees meeting,7,3
KL6P5BY6,Draft Black Oak & Getty Wind avian and bat protection plan,3,5
BNQ3RIC6,A continued examination of avian mortality in the Altamont Pass wind resource area,6,5
Q4WPUDVV,"A preliminary assessment of potential avian interactions at four proposed wind energy facilities on Vandenberg Air Force Base, California - Period of performance: November 2001- May 2002",3,8
PJ9YEER4,"Interim summary bat acoutsic monitoring at the proposed Blue Creek Wind Farm, Paulding and Van Wert counties, Ohio",1,0
KS56FGUZ,Pre- and post-construction studies of conflicts between birds and wind turbines in coastal Norway: Status report 1st January 2008,3,13
492CKHGM,Pre- and post-construction studies of conflicts between birds and wind turbies in coastal Norway (Bird-Wind): Report on Findings 2007-2010,3,12
NCYUWM7J,Developing a research framework for increasing understanding of interactions between eagles and wind energy,6,3
62XHXH6D,Patterns of bat datality at the Casselman Wind Project in south-central Pennsylvania,1,10
934SNZYW,Effectiveness of changing wind turbine cut-in speed to reduce bat fatalities at wind facilities - 2008 Annual Report,7,0
ZGII8Y2S,Mitigating wind energy impact on wildlife: approaches for multiple taxa,5,3
D9QBKGCP,Guidelines for reducing impacts to wildlife from wind energy development in Arizona,5,3
8444UVNV,Avian baseline in the Altamont Pass Wind Resource Area,6,5
8ECENDAE,Distribution and habitat requirements of the San Joaquin Kit Fox in the northern extreme of their range,0,5
VNMQTST4,Evaluating the Effectiveness of an Ultrasonic Acoustic Deterrent for Reducing Bat Fatalities at Wind Turbines,7,0
23H2CYIH,Assessing fatality minimization for hoary bats amid continued wind energy development,1,0
867HSBWE,"Game bird carcasses are less persistent than raptor carcasses, but can predict raptor persistence dynamics",1,8
9D6Q2SR2,Bird Displacement by Wind Turbines: Assessing Current Knowledge and Recommendations for Future Studies,2,18
JLHFB4A5,Eagle Conservation Plan Guidance: Module 1 – Land-based Wind Energy Version 2,6,14
RMYINBZ2,Acoustic exposure reveals variation in curtailment effectiveness at reducing bat fatality at wind turbines,7,0
FAS73SV5,"Testing and Evaluation of ""SafeWind"" A Bird Protection System",2,0
AZ2HZTBH,U.S. Fish and Wildlife Service wind turbine guidelines advisory committee recommended guidelines,3,14
ULBNVZFC,Wind power siting regulations and wildlife guidelines in the United States,3,7
Q3MB3U9B,Draft environmental impact statement: Klondike III/Biglow Canyon Wind Integration Project,3,10
MTRI92XZ,A review of the impacts of onshore wind energy development on biodiversity,5,3
T35QIHNR,Proceedings of Onshore Wildlife Interactions with Wind Developments: Research Meeting V,5,3
K6DS23ML,Proceedings of National Avian-Wind Power Planning Meeting IV,5,7
694UV3AM,Proceedings of National Avian-Wind Power Planning Meeting II,5,7
SSXF4APX,Proceedings of National Avian-Wind Power Planning Meeting,5,7
UQZI9VP3,Proceedings of National Avian-Wind Power Planning Meeting III,5,7
879UXKHF,Proceedings of the NWCC Wind Wildlife Research Meeting VII,5,3
84Z74QQG,Proceedings of the NWCC Wildlife Workgroup Research Planning Meeting VI,5,3
3K9YTYFH,"Post-Construction Bird and Bat Mortality Study: Cedar Ridge Wind Farm, Fond Du Lac County, Wisconsin",1,0
8E6MPEGH,Grand Pairie Wind Farm Bird and Bat Conservation Strategy,3,8
44Z34F2X,Staff Report on Burrowing Owl Mitigation,6,5
CVRMGB9Q,Post-Construction Wildlife Monitoring at th,3,13
6RWSLZB6,A review of the effectiveness of operational curtailment for reducing bat fatalities at terrestrial wind farms in North America,7,0
7A4VNZQR,An autonomous GPS geofence alert system to curtail avian fatalities at wind farms,2,1
E2W2IDFD,"Wind Turbine Effects on Avian Activity, Habitat Use, and Mortality in Altamont Pass and Solano County Wind Resource Areas, 1989-1991",6,5
P2ZP6UNI,U.S. Fish and Wildlife Service Land-Based Wind Energy Guidelines,3,14
GQ9DVTYJ,Investigating the causes of death for wind turbine-associated bat fatalities,1,0
8ILPPBPJ,"Post‐Construction Bat and Bird Fatality Study at the Blue Sky Green Field Wind Energy Center, Fond du Lac County, Wisconsin",3,5
VEAPSBDW,"Avian Use of Norris Hill Wind Resource Area, Montana",6,5
3NN2W7RI,Bats Killed in Large Numbers at United States Wind Energy Facilities,1,3
P3MADVFA,"Patterns of pre-construction bat acoustic activity at the proposed Resolute Wind Energy Project, Wyoming, 2009–2010 Final Project Report",3,0
TVBMQ3ZQ,"Patterns of pre-construction bat activity at the proposed Hoosac Wind Energy Project, Massachusetts, 2006–2007",1,0
V75F9HNF,"Avian and Bat Post-construction Monitoring at the Pinnacle Wind Farm, Mineral County, West Virginia, 2012",3,10
KVMUAA2F,"Effectiveness of an Operational Mitigation Experiment to Reduce Bat Fatalities at the Pinnacle Wind Farm, Mineral County, West Virginia, 2012",3,10
YHWSB3LP,"Efficacy of an Operational Minimization Experiment to Reduce Bat Fatalities at the Pinnacle Wind Farm, Mineral County, West Virginia, 2013",3,10
22VFQ6YP,Assessing Bat and Bird Fatality Risk at Wind Farms Sites using Acoustic Detectors,1,0
ZTLXPY4F,A conservation plan for bats in Wyoming,1,8
96YVACBE,"The Response of Red-Tailed Hawks and Golden Eagles to Topographical Features, Weather, and Abundance of a Dominant Prey Species at the Altamont Pass Wind Resource Area, California: April 1999 - December 2000",6,5
V6BQWZ2V,Testing the effectiveness of an experimental acoustic bat deterrent at the Maple Ridge wind farm,7,8
YC86KVBG,Impacts on biodiversity of exploitation of renewable energy sources: the example of birds and bats,5,4
2DIXUJUD,Have We All Gone Batty? The Need for a Better Balance Between the Conservation of Protected Species and the Development of Clean Renewable Energy,5,4
A7CSXUHH,The Potential Effects of Wind Power Facilities on Resident and Migratory Birds in Eastern Wisconsin,1,0
Q7TQYDRG,"BIRD MORTALITY AT ROTOR SWEPT AREA EQUIVALENTS, ALTAMONT PASS AND MOMEZUMA HILLS, CALIFORNIA",6,5
JDPD8RXR,CALIFORNIA ENERGY COMMISSION,7,4
ITHDV84S,The Trend of Golden Eagle Territory Occupancy in the Vicinity of the Altamont Pass Wind Resource Area: 2005 Survey,6,5
N639RQUW,Wind energy development: methods to assess bird and bat fatality rates post- construction,1,7
ZDSUPY3L,Bird and bat behavior and mortality at a northern Iowa windfarm,1,8
92QXBAB8,Pickering Wind Turbine Bird Monitoring Program in 2002,3,8
4GEYNE2Z,BirdLife South Africa/Endangered Wildlife Trust Best Practice Guidelines for Avian Monitoring and Impact Mitigation at Proposed Wind Energy Development Sites in Southern Africa,3,3
FFIJLFJW,"Bat Interactions with Wind Turbines at the Buffalo Ridge, Minnesota Wind Resource Area",3,5
FUJYY6D8,"Avian Monitoring Studies at the Buffalo Ridge, Monnesota Wind Resource Area: Results of a 4-year Study",3,5
4VMWGLHY,Effects of acoustic deterrents on foraging bats,7,0
BRXFWUMC,"Greater Sage-Grouse Habitat Use and Population Demographics at the Simpson Ridge Wind Resource Area, Carbon County, Wyoming",9,3
CW9GW898,"Greg Johnson Western EcoSystems Technology, Inc. www.WEST-Inc.com",10,13
WJXZN5NI,Flight Paths of Migrating Golden Eagles and the Risk Associated with Wind Energy Development in the Rocky Mountains,6,5
Q7XZG8X9,Increased Flight Altitudes among Migrating Golden Eagles Suggest Turbine Avoidance at a Rocky Mountain Wind Installation,6,5
8GYHVCN3,Comparing the Ecological Impacts of Wind and Oil & Gas Development: A Landscape Scale Assessment,5,3
V243PPZB,A briefing document on best practice for pre- construction assessment of the impacts of onshore wind farms on birds,5,1
NX5QGBWD,Development by Design: Mitigating Wind Development's Impacts on Wildlife in Kansas,5,3
JZ5VGHQE,Effects of Sexual Dimorphism and Landscape Composition on the Trophic Behavior of Greater Prairie-Chicken,9,3
MSXE9SQX,Topography drives migratory flight altitude of golden eagles: implications for on‐shore wind energy development,6,3
GU9JKBAI,Wind energy development: methods for assesing risks to birds and bats pre-construction,3,7
GUKBTWZA,"Assessment of the Impacts of Green Mountain Power Corporation’s Wind Power  Facility on Breeding and Migrating Birds in Searsburg, Vermont",3,7
DAKQR4GC,"Post-construction avian monitoring study for the Shiloh I wind power project Solano county, California",3,7
DQ5LL4EU,"Avian monitoring study and risk assessment for the Shiloh wind power project Solano county, California",3,7
2M8KD6YE,"A study of bird and bat collision fatalities at the Mountaineer Wind Energy Center, Tucker County, West Virginia: Annual report for 2003",1,0
QIL65TUW,Win-Win for Wind and Wildlife: A Vision to Facilitate Sustainable Development,5,3
U89VWGZJ,A crane movement model parameterized using portable radar for evaluating response to wind energy development,8,3
7T7P5FY8,AVIAN MORTALITY ASSOCIATED WITH THE TOP OF IOWA WIND FARM,3,12
5YHPRKMN,A new method to determine bird and bat fatality at wind energy turbines from carcass searches,1,8
8TFEKWEB,Mortality estimation from carcass searches using the R‐package carcass — a tutorial,1,8
49CG7EY4,"Bat mortality due to collision with wind turbines in Kutch District, Gujarat, India",1,15
N4GLTE86,"For the proposed Waaihoek Wind Energy Facility near Utrecht, KwaZulu-Natal",1,3
3L72NNQS,Flight responses by a migratory soaring raptor to changing meteorological conditions,6,5
QF3RT8PA,Wind Farm Facilities in Germany Kill Noctule Bats from Near and Far,1,0
G88IG8TP,"Wintering Sandhill Crane exposure to wind energy development in the central and southern Great Plains, USA",8,3
PMPAR5A3,Development of a Comprehensive Conservation Strategy for the North Shore Highlands Region of Minnesota in the Context of Future Wind Power Development,3,7
ABTP3P2B,Application of GIS and Spatial Analysis of Golden Eagle Fatalities Caused by Wind Turbines at the Altamont Pass Wind Resource,2,5
Z6D5HIEI,BREEDING BIRD HABITAT USE AND TURBINE COLLISIONS OF BIRDS AND BATS LOCATED AT A WIND FARM IN OKLHAOMA MIXED-GRASS PRAIRIE,1,1
EPM4L9UZ,"Pacific Northwest, Oregon",5,3
E3SB9C4L,Bats on the Move,1,0
NIM86KW4,"A population study of golden eagles in the altamont pass wind resource area: Population trend analysis, 1994-1997",6,5
2UVE3AUT,Reindeer and caribou (Rangifer tarandus) response towards human activities,2,15
IKGTRNY9,Avian mortalities due to transmission line collisions: A review of current estimates and field methods with an emphasis on applications to the Canadian electric network,1,12
SEEGJEK5,Resource Selection by the California Condor (Gymnogyps californianus) Relative to Terrestrial-Based Habitats and Meteorological Conditions,9,5
4AD3VKFJ,Impact of Wind Facilities on Bats in the Neotropics,1,8
ANYELVBU,Habitat use of bats in relation to wind turbines revealed by GPS tracking,1,0
5IXDV7EY,Environmental Impacts of Wind Power Development on the Population Biology of Greater Prairie-Chickens,9,3
SJ64WXHQ,"National Wind Technology Center Site Environmental Assessment: Bird and Bat Use and Fatalities -- Final Report; Period of Performance: April 23, 2001 -- December 31, 2002",3,10
M7U97Q6I,Monitoring of Greater Sage-Grouse and other Breeding Birds on the Withrow Wind Power Project Site: Final Report,9,3
XH3HSIQL,Effects of wind‐energy facilities on breeding grassland bird distributions,2,8
8VPD7USS,"Evaluating Bird and Bat Post-Construction Impacts at the Sheffield Wind Facility, Vermont",3,8
QX4VRABG,Suggestions regarding Avian Mortality Extrapolation,3,12
Z2Q9ARWN,Framework for Testing the Effectiveness of Bat and Eagle Impact-Reduction Strategies at Wind Energy Projects,6,8
FIPW9CF3,"Biological Effects of Repowering a Portion of the Altamont Pass Wind Resource Area, California: The Diable Winds Energy Project",6,5
QTLNZTMT,"Long-Term Trends in Fatality Rates of Birds and Bats in the Altamond Pass Wind Resource Area, California",1,5
5XU4XN9F,"RANGE MANAGEMENT PRACTICES TO REDUCE WIND TURBINE IMPACTS ON BURROWING OWLS AND OTHER RAPTORS IN THE ALTAMONT PASS WIND RESOURCE AREA, CALIFORNIA",6,5
PJBXUSVL,Repowering the APWRA: Forecasting and Minimizing Avian Mortality without Significant Loss of Power Generation,6,12
DSBQJJGB,Map-Based Repowering and Reorganization of a Wind Resource Area to Minimize Burrowing Owl and Other Bird Fatalities,6,5
8YSM9B7E,Assessment to Support and Adaptive Management Plan for the APWRA,6,13
ZVSPYIGJ,Partial Re-assessment of an Adaptive Management PLand for the APWRA: Accounting for Turbine Size,6,13
PL25UTXN,Bird Mortality at the Altamont Pass Wind Resource Area: March 1998 - September 2001,6,5
QYFEVS4X,Siting Guidelines for Wind Power Projects in South Dakota,3,7
PZPTWJ26,"Bird and Bat Pre-Construction Surveys for Kingdom Community Wind Project in Lowell, Vermont",3,10
FFHJFTBE,CALIFORNIA ENERGY COMMISSION,7,4
PTPB38UY,SEX-BIASED MORTALITY OF COMMON TERNS IN WIND FARM COLLISIONS,7,1
AQLRLRGE,"Avian Use, Flight Behavior, and Mortality on the Buffalo Ridge, Minnesota, Wind Resource Area",3,5
7Y4WQ9G2,FLIGHT HEIGHT DISTRIBUTION AND COLLISION RISK OF THE MARBLED MURRELET BRACHYRAMPHUS MARMORATUS: METHODOLOGY AND PRELIMINARY RESULTS,8,15
A2SZ8I4X,Avian / Wind Statistical Peer Review Project,3,7
CG8VWN66,Ultrasound emissions from wind turbines as a potential attractant to bats: a preliminary investigation,1,0
NDMWZYQQ,Field Test Results of a Potential Acoustic Deterrent to Reduce Bat Mortality from Wind Turbines,1,0
2E2G8526,Avian Risk Behavior and Fatalities at the Altamont Wind Resource Area,6,5
P5LRDGWE,"Bird Risk Behaviors and Fatalities at the Altamont Pass Wind Resource Area: Period of Performance, March 1998--December 2000",6,5
7CP2IEER,Baseline investigations of bats and birds at Wind Turbine Test Centre Østerild,3,13
SZQJMZJ2,First year post-construction monitoring of bats and birds at Wind Turbine Test Centre Østerild,3,13
B9CJI6F5,Black Bear Use Response to a Wind Energy Project in Southern Vermont,3,8
NRGRDXUQ,PRE-FILED TESTIMONY OF DAVID TIDHAR,1,
MAFZV62D,"Buffalo Gap Wind Farm 2, LLC",3,1
TVWI48IL,Is a wind‐power plant acting as a barrier for reindeer <i>Rangifer tarandus tarandus</i> movements?,2,13
6IJ5CWT6,Evidence of Late-Summer Mating Readiness and Early Sexual Maturation in Migratory Tree-Roosting Bats Found Dead at Wind Turbines,7,0
LLFJ9JJJ,"Avian Mitigation Plan: Kenetech Model Wind Turbines, Altamont Pass WRA, California",6,5
SQ7V5C8D,2014 bird and bat post-construction monitoring report – Laurel Mountain Wind Energy Project,1,0
5CX6FDFN,Collision fatality of raptors in wind farms does not depend on raptor abundance,2,1
VACNT78P,Using Wind Tunnels to Predict Bird Mortality in Wind Farms: The Case of Griffon Vultures,2,1
7KNBERN2,Minimal effects of wind turbines on the distribution of wintering farmland birds,2,0
AC5KZNYL,Onshore industrial wind turbine locations for the United States up to March 2014,1,0
JSB7HLLZ,Land cover and topography affect the land transformation caused by wind facilities,0,2
TM2MKX93,"Optimal Management of DoD Lands for Military Training, Ecosystem Services, and Renewable Energy Generation: Framework and Data Requirements:",0,4
9ZIXNC3W,Bird and Bat Monitoring Plan,3,10
BZA8AUK7,"Northwest Wildlife Consultants, Inc.",5,
86Y5I45Z,Europe's onshore and offshore wind energy potential : an assessment of environmental and economic constraints,5,1
EI97YPZW,"A retrospective tiered environmental assessment of the mount storm wind energy facility, West Virginia,USA",3,10
P4DPDTLC,Spatial Trade-Offs between Wind Power Production and Bird Collision Avoidance in Agricultural Landscapes,2,7
CN7WCDM7,Biglow Canyon Wind Farm Phase II,3,1
Q2BYJEWN,Female Agassiz’s desert tortoise activity at a wind energy facility in southern California: The influence of an El Niño event,0,2
VCITWLN4,Wind Energy Bird and Bat Monitoring Database,3,10
89YWPPGR,UNITED STATES ENVIRONMENTAL PROTECTION AGENCY REGION IX,3,7
VK7GUCQA,"Baseline avian use and behavior at the CARES wind plant site, Klickitat County, Washington",6,5
3Y9B8WIR,"Avian and Bat Mortality Associated with the Vansycle Wind Project, Umatilla County, Oregon - 1999 Study Year",1,0
TT5AP27C,"Synthesis and Comparison of Baseline Avian and Bat Use, Raptor Nesting and Mortality Information from Proposed and Existing Wind Developments",3,5
R2BBNCMQ,A comprehensive analysis of small-passerine fatalities from collision with turbines at wind energy facilities,1,14
5GU5F8RM,Nine Canyon Technical Advisory Committee Energy Northwest,3,0
C2YB59VX,BatTool: an R package with GUI for assessing the effect of White-nose syndrome and other take events on Myotis spp. of bats,1,16
G5HEGGH9,Assessing local population vulnerability with branching process models: an application to wind energy development,1,2
U3YRE898,Wind and Wildlife in the Northern Great Plains: Identifying Low-Impact Areas for Wind Development,5,3
E4XK5L8F,Weak relationship between risk assessment studies and recorded mortality in wind farms,2,1
A2MD4ILP,Post construction monitoring of wind farms: first records of direct impact on bats in Italy.,3,1
4VCKXCTI,"Expanded Buffalo Mountain Windfarm, 2005",3,
VD627Z7T,Effects of wind turbines on area use and behaviour of semi-domestic reindeer in enclosures,2,0
8K8SDWBP,A habitat-based wind-wildlife collision model with application to the Upper Great Plains Region—Final report,2,15
KDU7DP4H,Land-Based Wind Energy and the Environment: Potential Impacts for Wildlife and the West Michigan Landscape,5,14
4ZG33H2R,"Mitigation Measures for Wildlife in Wind Energy Development, Consolidating the State of Knowledge — Part 2: Operation, Decommissioning",5,3
4CJQL28X,Response of raptors to a windfarm,9,13
D36PGSZE,Bird and bat responses to wind energy development in Iowa,1,3
ABET6WDM,Population Level Survey of Golden Eagles (Aquila chrysaetos) in the Western United States,6,5
5LKTJN9U,Fowler Ridge 2010 Study Results,3,10
KMUWVLMF,Dim ultraviolet light as a means of deterring activity by the Hawaiian hoary bat Lasiurus cinereus semotus,1,0
7B6G2R9W,"Influence of Wind Turbines on Presence of Willet, Marbled Godwit, Wilson's Phalarope and Black Tern on Wetlands in the Prairie Pothole Region of North Dakota and South Dakota",0,3
5GP3HDE8,Chapter Fifteen. Reproductive Biology of a Southern Population of Greater Prairie-Chickens,9,3
JA9HFXYF,Chapter Nineteen. Human-Mediated Selection on Life-History Traits of Greater Prairie-Chickens,9,3
Q376WCEJ,"Demography of greater prairie‐chickens: Regional variation in vital rates, sensitivity values, and population dynamics",9,3
58C83F8N,"Assessing Bird and Bat Mortality at the McEvoy Ranch Wind Turbine in Marin County, California",1,8
QAN3II6D,Wind energy development: Examining the potential impact to big game,5,3
QVKDWEJ5,"Avian monitoring and risk assessment at the Tehachapi Pass wind resource area; Period of performance: October 2, 1996--May 27, 1998",1,5
WD2SWCK4,"Avian monitoring and risk assessment at Tehachapi Pass and San Gorgonio Pass wind resource areas, California: Phase 1 preliminary results",6,5
UBE2ICDE,"Relationships between bats and wind turbines in Pennsylvania and West Virginia: an assessment of bat fatality search protocols, patterns of fatality, and behavioral interactions with wind turbines",1,0
PJB8IHUK,Patterns of pre-construction bat activity at a proposed wind facility in northwest Massachusetts: 2006 annual report,1,0
XRTZSUD6,Altering turbine speed reduces bat mortality at wind‐energy facilities,1,0
S77MGLWG,Patterns of pre-construction bat activity at a proposed wind facility in south-central Pennsylvania,1,0
LFTM5LKI,A synthesis of operational mitigation studies to reduce bat fatalities at wind energy facilities in North America,7,0
RIH4348Q,Impacts of Wind Energy Development on Bats: A Global Perspective,1,3
7VR9PGCV,SOUTH AFRICAN GOOD PRACTICE GUIDELINES FOR OPERATIONAL MONITORING FOR BATS AT WIND ENERGY FACILITIES,3,3
RNFFCKIG,"Bat fatality at a wind energy facility in the Western Cape, South Africa",1,2
EM4BF8DT,Geographic Variation in Activity and Fatality of Migratory Bats at Wind Energy Facilities,1,0
AHWPBB4E,Behavioural and Environmental Correlates of Soaring‐Bird Mortality at On‐Shore Wind Turbines,2,1
86ZDRJW5,Migrating bats & wind energy in Canada,1,3
7Q2IUPQX,"Sage-Grouse and Wind Energy: Biology, Habits, and Potential Effects from Development",9,3
YCQLDGF3,Blown in the wind: bats and wind farms in Brazil,2,1
JFG7HZ6Q,Enhancing Carcass Removal Trials at Three Wind Energy Facilities in Portugal,1,12
3ZQ6ZV3J,Insufficient sampling to identify species affected by turbine collisions,1,3
K6FI9CVZ,Survey of Bat Mortalities at a Wind-Energy Facility in North Dakota,1,8
FIBPH95H,"A study of the potential effects of a small wind turbine on bird and bat mortality at Tom Ridge Environmental Center, Erie, Pennsylvania",1,8
L9DV5UKB,Optimizing Wind Power Generation while Minimizing Wildlife Impacts in an Urban Area,2,7
2PMGXMXS,Potential impacts of wind farm energy development on upland game birds: Questions and concerns,2,8
HVZPQS78,"POST-CONSTRUCTION AVIAN AND BAT IMPACT ASSESSMENT OF THE UNIVERSITY OF DELAWARE WIND TURBINE IN LEWES, DE:",3,10
5KEVINXP,A synthesis of human-related avian mortality in Canada,1,12
FV79MYKK,NOCTURNAL BEHAVIOR OF RAPTORS AT WIND ENERGY FACILITIES,9,0
LEGRGFCW,"Centro Zamorano de Biodiversidad Departamento de Ambiente y Desarrollo Escuela Agrícola Panamericana (Zamorano) San Antonio de Oriente, Francisco Morazán, Honduras Contacts: okomar@zamorano.edu, jmora@zamorano.edu",9,
8AQV2AT2,The members of the Committee approve the thesis of Chad W. LeBeau presented on,3,
K9KLGS5A,How Ecofriendly Are Wind Farms?,2,1
ICL2ZVQ4,"'How Much is Enough?' Determining Adequate Levels of Environmental Compensation for Wind Power Impacts Using Equivalency Analysis: An Illustrative & Hypothetical Case Study of Sea Eagle Impacts at the Smøla Wind Farm, Norway",6,1
KUYGQ3TF,Research and guidance on restoration and decommissioning of onshore wind farms,5,1
B9SUM7G3,"Pre and Post-construction Avian Survey, Monitoring, and Mitigation at the Lempster, New Hampshire Wind Power Project",3,1
EXKXSGJY,The threat of energy diversification to a bioregion: a landscape-level analysis of current and future impacts on the US Chihuahuan Desert,0,9
FYU3M685,Wind farm and solar park effects on plant-soil carbon cycling: uncertain impacts of changes in ground-level microclimate,0,14
LYDHPWHU,Renewable energy potential on brownfield sites: A case study of Michigan,0,4
SY8RHE3E,Vulnerability of avian populations to renewable energy production,1,4
BAGHSYE3,A preliminary assessment of avian mortality at utility-scale solar energy facilities in the United States,0,12
FSQBRFIR,A forensic investigation into the etiology of bat mortality at a wind farm: barotrauma or traumatic injury?,1,1
DS3W8QCL,Barotrauma is a significant cause of bat fatalities at wind turbines,1,0
UZ9XEEXP,Numbers of wildlife fatalities at renewable energy facilities in a targeted development region,1,4
J6H4G4VA,Utilizing high-resolution genetic markers to track population-level exposure of migratory birds to renewable energy development,1,4
8X9G7UX4,Avian interactions with renewable energy infrastructure: An update,10,4
G3MFXDA6,PENNSYLVANIA GAME COMMISSION WIND ENERGY VOLUNTARY COOPERATION AGREEMENT THIRD SUMMARY REPORT,7,3
MNQCBQ5P,Review of Ecological Effects of Roads on Terrestrial and Aquatic Communities,6,6
UEHZ96IK,Fact Sheet,5,14
47T8VJM4,"Review of Avian Studies in the Tehachapi Wind Resource Area Kern County, California",6,5
M8JEP76X,EFFECTS OF WIND TURBINES ON NESTING RAPTORS AT BUFFALO RIDGE IN SOUTHWESTERN MINNESOTA,9,5
4WPYGLUQ,The 2002 census of the Mute Swan in Scotland,4,
KX77MQAV,Improving Methods for Estimating Fatality of Birds and Bats at Wind Energy Facilities,1,3
JGZXF5EF,AVIAN AND BAT PROTECTION PLAN,3,10
CLZVY44M,Space use by female Greater Prairie‐Chickens in response to wind energy development,9,3
96KWJLNK,Effects of wind energy development on survival of female greater prairie‐chickens,9,3
4IT4YU3L,Responses of male Greater Prairie-Chickens to wind energy development,9,3
9VAJ8NK7,ACME: A partially periodic estimator of avian & chiropteran mortality at wind turbines,1,8
8R5AEXU9,On Certain Problems Concerning Environmental Impact Assessment of Wind Turbines in~Scope of Acoustic Effects,3,8
8ET9KBSL,"Post Consuruction Monitoring Study: Criterion Wind Project, Garrett County, Maryland",1,0
MC9PQ47L,"Bird migration monitoring in the AES Geo Power Wind Park territory, Kaliakra region, in autumn 2012, and analysis of potential impact after three years’ operation",,7
JEWYXMWQ,Bat mortality due to wind turbines in Canada: Bats and Wind Turbines,1,0
YGQBQDME,Canadian Estimate of Bird Mortality Due to Collisions and Direct Habitat Loss Associated with Wind Turbine Developments,1,1
8SE78FEH,Using environmental impact assessment and post‐construction monitoring data to inform wind energy developments,9,3
Z8LSLSPL,Wind Turbine Interactions with Wildlife and Their Habitats A Summary of Research Results and Priority Questions,5,14
NP95BSIV,Wind Turbine Interactions with Wildlife and Their Habitats A Summary of Research Results and Priority Questions,5,14
NKKM7CW7,Appendix H Post Construction Burd and Bat Monitoring Program,3,10
89UR7YW4,Ecological impact assessments fail to reduce risk of bat casualties at wind farms,3,1
SB4U59EF,WIND TURBINES AND BAT MORTALITY: INTERACTIONS OF BAT ECHOLOCATION PULSES WITH MOVING TURBINE ROTOR BLADES,1,0
HN7C5FSJ,Ultrasonic noise emissions from wind turbines: Potential effects on bat species,1,0
43L4HBTV,On Avian Mortality Associated with Human Activities,3,12
4SIPQNIA,Animal behavioral adaptation to changing landscapes: spring-staging geese habituate to wind farms,2,1
47AWI7JY,Avian risk and fatality protocol,3,5
5U7P3FMM,A study of White-tailed Eagle Haliaeetus albicilla movements and mortality at a wind farm in Norway,6,1
YRYDHUDD,"NextEra Energy Resources 6185 Industrial Way Livermore, CA 9455",5,4
2XBP2HIZ,Assessing the cumulative impacts of wind farms on peatland birds: a case study of golden plover Pluvialis apricaria in Scotland,6,1
PY4G42WC,A mosaic of microclimates: biodiversity outcomes and wildlife habitat potential in large-scale solar facilities,0,2
H7IMUJB3,Impact of the California Lead Ammunition Ban on Reducing Lead Exposure in Golden Eagles and Turkey Vultures,6,5
7KV49YH7,"Lead Exposure in bald eagles from big game hunting, the continental implications and successful mitigation efforts",6,5
D7FMHUK8,"Utility-Scale Solar, 2025 Edition: Analysis of Empirical Plant-level Data from U.S. Ground-mounted PV, PV+battery, and CSP Plants (exceeding 5 MWAC)",0,2
5U8VUZYR,"“After the leases are signed, it's a done deal”: Exploring procedural injustices for utility-scale wind energy planning in the United States",10,10
7K3FDJYD,"Energy infrastructure, NIMBYism, and public opinion: a systematic literature review of three decades of empirical survey literature",10,8
CPGT3A57,Public perceptions of and responses to new energy technologies,10,4
3B4NY2KF,Public perceptions of and responses to new energy technologies | Nature Energy,10,4
5BZV6XHG,Public attitudes and community engagement in large-scale solar siting,10,2
TSMFT3YU,Laws in Order: An Inventory of State Renewable Energy Siting Policies,3,4
E3ARXJ3V,Cashing out? Farmland quality and the adoption of utility-scale solar energy,0,2
F2L3VN2J,"The Rise of US Photovoltaics: An Exploration of Land Use Density Trends in Large-Scale Solar Facility Attributes, 2012–2021",0,2
TPMDN3EX,"The Rise of US Photovoltaics: An Exploration of Land Use Density Trends in Large‐Scale Solar Facility Attributes, 2012–2021 - Fujita - 2025 - International Journal of Photoenergy - Wiley Online Library",0,2
HU7PBCUH,Utility-scale solar and wind development in rural areas: land cover change (2009-20),0,2
5H6ERHP3,Hybrid power plants: status of operating and proposed plants,0,12
RNTN62JW,"Queued Up: 2025 Edition, Characteristics of Power Plants Seeking Transmission Interconnection As of the End of 2024",0,12
B2W2VE6R,Assessing the associations between renewable energy generation and other human-induced threats to terrestrial biodiversity,5,4
M3VXVTI7,Song flight and 3D thermal detection provide evidence for bat attraction to wind turbines in Central Europe,1,0
6QSNSUCS,Landscape Movements of Migratory Birds and Bats Reveal an Expanded Scale of Stopover,8,8
9Y9LCV9L,Influence of wetland networks on bat activity in mixed-use landscapes,0,0
AM9WYRG3,Getting started with meta-analysis,0,2
GDRC78WQ,Developing a Deep Learning-Computer Vision Framework to Monitor Avian Interactions with Solar Energy Facility Infrastructure,10,2
UIWZCKUN,Persistent site-scale warming associated with solar photovoltaic installations,0,12
AELMQHLF,Spatiotemporal patterns in sex ratios of bat fatalities at wind energy facilities in the United States,7,0
JASWU3S4,Testing a bat fatality detection system at wind turbines,1,0
6M4GYYZJ,Ecovoltaic wild bee pollinator habitat may be a key to habitat connectivity and pollination services in solar-agricultural landscapes,0,2
3VPKP9II,San Joaquin Kit Foxes and Solar Farms: Coexistence of an Endangered Species and Renewable Energy,0,5
PRJCDUTJ,Biodiversity can benefit from climate stabilization despite adverse side effects of land-based mitigation,5,14
WEBFGRU4,"Whitby et al, May 2021",,
WEZ79Q8R,Technical-report_Comparative-analysis-of-five-passive-ultrasonic-recorders,7,14
URI7V8HX,SMART Case Study-REV_030725,2,6
RHI2VLXL,Variable impacts of land-based climate mitigation on habitat area for vertebrate diversity,5,14
S5BKKU9Y,Habitat and Migration Dynamics of North American Tree Species Under Climate Change,1,16
YMAXQWUZ,Variable impacts of land-based climate mitigation on habitat area for vertebrate diversity,5,14
TERFD6BR,Estimating potential habitat for 134 eastern US tree species under six climate scenarios,5,16
KBKND56E,Short-Term Energy Outlook,13,1
M7HRRCRB,Implications for mammal presence and diversity of solar panel fields in agricultural landscapes,0,2
3P2EYPRH,Appendix J Literature review and bat traits analysis,2,1
PLZ8ENUB,Wind Energy Development and Wildlife Conservation: Challenges and Opportunities,5,3
MI2JUVHB,A multisensory approach to understanding bat responses to wind energy developments,1,1
GRSP7W76,A global decision framework for reducing bat fatalities at wind energy facilities,1,0
MHZJNLXL,A decade of curtailment studies demonstrates a consistent and effective strategy to reduce bat fatalities at wind turbines in North America,7,0
XI4V7F7G,Prairie grouse and wind energy: The state of the science and implications for risk assessment,9,3
364T7IDY,Opportunities for enhancing biodiversity at wind and solar energy developments,13,4
79TS89LV,Ecological impacts of single-axis photovoltaic solar energy with periodic mowing on microclimate and vegetation,0,9
ZBZD87BJ,Solar PV Power Potential is Greatest Over Croplands,0,12
Y28PZE4V,Renewable energy and carbon capture and sequestration for a reduced carbon energy plan: An optimization model,0,4
SFULV4ZI,Planning renewable energy in rural areas: Impacts on occupation and land use,0,4
UPJVCNR6,Land use conflicts between wind and solar renewable energy and agricultural uses,0,4
GB6G5RTH,Practitioners’ perceived risks to biodiversity from renewable energy expansion through 2050,5,2
ZJXTV8NA,Optimizing emissions reductions from the U.S. power sector for climate and health benefits,0,4
BU4QJB4D,Carbon-neutral pathways for the United States,0,7
2P8BENU9,Bibliography of literature for avian issues in solar and wind energy and other activities,1,3
LJUSPYPC,Analysis of the potential for site ventilation to improve overall efficiency of utility-scale solar farms,0,11
7XCTCEC9,The impact of floating photovoltaic power plants on lake water temperature and stratification,0,12
HCBC2LKE,Overview of possibilities of solar floating photovoltaic systems in the offshore industry,0,2
IXM4WAEF,Moving window approach: Condition monitoring and robust power forecasting for a solar farm,0,11
XY4HDRPX,Landsat time series assessment of invasive annual grasses following energy development,,3
LITW8REB,Google earth engine for the detection of soiling on photovoltaic solar panels in arid environments,0,9
GMRVJDAQ,The Implications of Using Estimated Solar Radiation on the Derivation of Potential Evapotranspiration and Soil Moisture Deficit within an Embankment,0,12
ASCDUIYD,Mitigating the deceptive effects of smooth surfaces: subtle surface modifications can eliminate maladaptive drinking attempts by bats,0,10
INIH3FAB,Agrivoltaics for small ruminants: A review,0,11
VNTIKZ7X,Exploring the link between energy resources and global biodiversity,5,4
YVG92XIR,Utility-Scale Solar and Wind Development in Rural Areas: Land Cover Change (2009–20),0,2
ASQZNKQ5,Farming solar on the margins,5,4
NNVZ5GNA,Renewable Energy on Federal Public Lands BLM Initiatives and the Value of Regional Planning,0,3
K6QH9PIK,"Best management practices for siting, developing, operating, and monitoring renewable energy in the Intermountain West: a conservationist's guide",0,4
B2SMBIIL,Analysis of the potential for a heat island effect in large solar farms,0,11
ZNJHAJDN,Effect of light heterogeneity caused by photovoltaic panels on the plant–soil–microbial system in solar park,0,9
FNMVXX3R,Insectivorous bats alter their flight and feeding behaviour at ground-mounted solar farms,0,11
CENLYPLC,Climate and air quality benefits of wind and solar generation in the United States from 2019 to 2022,0,4
VW7CRJPT,The geographic extent of bird populations affected by renewable-energy development,1,4
5WGM7HB2,An observational study on the microclimate and soil thermal regimes under solar photovoltaic arrays,0,9
ZYCXC69T,2021_Whitby et al_The State of the Science on Operational Minimization to Reduce Bat Fatality at Wind Energy Facilities,7,0
VIZKSI92,2012_USFWS_ Land based wind energy guidelines,3,14
XWB4Z8P9,A Multi-Sensor Approach for Measuring Bird and Bat Collisions with Offshore Wind Turbines (Final Technical Report),3,14
QAV9R9L3,Hierarchical mixture models and high-resolution monitoring data can inform siting and operational strategies to mitigate bat fatalities at wind turbines,1,0
ZE5DE36F,WSDOT Wasington Department of Transportation - 2006 - Underwater Sound Levels Associated with Pile Driving at the Cape Disappointment Bo,4,6
I3ZTWQG9,"Yalçin-Özdilek, Yalçın - 2012 - Wind Energy Plants and Possible Effects on Samandag Sea Turtles",4,0
48C2INS4,Unknown - Unknown - Report of the Governor ’ s Task Force on Wind Power Development in Maine,4,7
F7MB93ZV,Unknown - Unknown - NOAA_TM_387_Keinath_etal_15.pdf,4,7
2QH8P5TX,Unknown - Unknown - System ( TADS ) System ( TADS ),4,7
H9QBUF9F,USFWS U.S. Fish and Wildlife Service - 2011 - Examples of State and International Guidance for Duration and Intensity of Pre-constructio,3,14
V865492E,Western Ecosystem Technologies Inc. - 2012 - Big Blue Wind Energy Project Avian and Bat Protection Plan,3,10
IVGPJF97,United States Government Accountability Office - 2005 - Wind Power Impacts on Wildlife and Government Responsibilities for Regulating(2),0,7
K885NXEN,Unknown - 2009 - Final Report of the Ocean Energy Task Force to Governor John E . Baldacci,3,10
4WR2UBQ8,Unknown - 2010 - MARINE SPATIAL PLANNING Conducted for,4,1
IYS8LSAD,"Unknown - 2011 - Conference on Wind energy and Wildlife impacts, 2-5 May 2011, Trondheim, Norway(2)",4,3
4RIQ58RZ,"U.S. Department of the Interior Minerals Management Service, USFWS U.S. Fish and Wildlife Service, NOAA Fisheries - 2008 - Cape Wind Ene",3,14
JABPJPAL,Unknown - 2011 - Guidance on survey and monitoring in relation to marine renewables deployments in Scotland. Volume 4. Birds,4,1
KGTZPH8B,Unknown - 2012 - Identification of Outer Continental Shelf Renewable Energy Space-Use Conflicts and Analysis of Potential Mitigation Measures,2,6
VGHHJ3WY,Tetra Tech Avian and Bat Report LEEDco,3,10
95Y5TVB6,Thaler - 2013 - Permitting and leasing for maine offshore wind energy proj,2,1
LAWG6PYA,Tongue - 2014 - Implications for offshore wind farm ornithological Cumulative Impact Assessment How the manipulation of density and bree,2,1
ZAS2DRY9,Twente - 2006 - Analysis and forecasting of change in the marine environment,4,6
JQ35H647,"Tollit, Redden - 2013 - Passive Acoustic Monitoring of Cetacean Activity Patterns and Movements in Minas Passage Pre-Turbine Baseline C",1,0
RPB82RTT,"Survey, Wildlife - 2012 - Compendium of Avian Occurrence Information for the Continental Shelf Waters along the Atlantic Coast of the Un",2,6
9D5FM8IU,Svedlow et al - 2012 - Pre-Construction Avian and Bat Survey Report Block Island,3,10
IWCILA35,SWCA Environmental Consultants - 2009 - Spring Valley Wind Power Generating Facility Final Preconstruction Survey Results Report,3,7
CSJN52YU,Stemler - 2007 - Wind Power Siting Regulations and Wildlife Guidelines,3,7
VZK39AWS,"Stewart, Pullin, Coles - 2004 - Effects of wind turbines on bird abundance(2)",2,8
GN8IS3AK,Strickland - 2004 - Non-fatality and habitat impacts on birds from wind energy development(2),1,3
Q6QNUDI4,Study - Unknown - Electromagnetic Field Study,4,4
PIUKA9ID,Stuk et al. - Unknown - Standard I n v es ti g ation of the Impacts of,4,
HWLGBS48,"Ship, Foster - 2008 - Cruise Report Summer 2008 Ecological Assessment of Stellwagen Bank National Marine Sanctuary",8,
LC6F4PC6,Skov et al. - 2008 - Horns Rev II Offshore Wind Farm Monitoring of Bird Migration,2,6
JTYABHIS,"Sotta, Witt, Le Niliot - 2014 - Marine Energy in Far Peripheral and Island Communities - Collaborative Field Study Programme",2,4
AUWDLJJS,"Ship, Foster - 2006 - Cruise Report Spring 2006 Survey of Ecological Conditions of the U . S . Middle Atlantic Bight",8,
TAPQJFUC,"Skov, Piper, Leonhard - 2008 - Horns Rev II Offshore Wind Farm Monitoring of Resting Waterbirds",2,6
L7TPVT2N,Slater et al. - 2010 - Electromagnetic Measurement Methods,4,
A6L2B5LT,Report - 2011 - E FFECTS OF EMF S FROM U NDERSEA P OWER C ABLES,4,
9KKELWAV,Report - 2012 - Statistical Analyses to Support Guidelines for Marine Avian Sampling Final Report,3,10
SRCSZF6A,Report - 2010 - Wind Farm Noise ! 2009 in Review,4,1
68SIYYQH,Scottish Natural Heritage - 2000 - WINDFARMS AND BIRDS Calculating a theoretical collision risk assuming no avoiding action,2,15
ZN9TP5GC,"Sea Duck Joint Venture - 2007 - Recommendations for Monitoring Distribution , Abundance , and Trends for North American Sea Ducks",2,13
9LSRH5H8,Percival - 2010 - Kentish Flats Offshore Wind Farm Diver Surveys 2009-10,2,1
2Z33BT4X,Perrow - 2005 - Scroby Sands Seal Monitoring Analysis of the 2005 post-construction aerial surveys,3,6
U5VN7IK9,"Pikesley, Godley, Witt - 2014 - Passive Acoustic Monitoring of Small Cetaceans in the Isles of Scilly",1,0
P2DH63XM,Project-Icebreaker-Avian-Risk-Assessment,3,5
HD3CCIKR,Radar_Monitoring_of_Bird_and_Bat_Movement,8,8
AGG7X4IJ,Oehninger-Storvoll - 2013 - Stress influence of offshore wind farms on the reproduction of the viviparous eelpout (Zoarces viviparus),2,1
RMCEDUEV,Of - 2010 - Large-Scale Offshore Wind Power in the United,2,7
INLA5LHT,OfficialOffshoreWindReport-22311,,
8XVK7HCP,Pelletier et al. - 2012 - Information Synthesis on the Potential for Bat Interactions with Offshore Wind Facilities,11,1
8XQW7R7T,Percival - 2001 - Assessment of the effects of offshore wind farms on birds,2,1
J72VRJS7,"Parvin, Nedwell - 2006 - Underwater noise survey during impact piling to construct the Burbo Bank Offshore Wind Farm",4,6
LTWXUNYJ,NWCC National Wind Coordinating Collaborative - 2008 - Wind & Wildlife Key Research Topics(2),5,13
CZ8EB9D8,NMFS_AMAPPS_2011_annual_report_final_BOEM,3,7
YYIK2Y9M,Normandeau 2013 survey methods comparison study,8,0
IK5D578N,"NWCC Mitigation Subgroup, Rectenwald - 2007 - Mitigation Toolbox",5,
DBPRBWEJ,nyserda_10-22-2010_linyccollabavianrisk_0,,
HTL6TPU9,"Ocean Renewable Power Company LLC - 2012 - Final Report on the Acoustic, Marine Mammal and Bird Monitoring Studies During Phase 1 Pile D",4,10
GBY4UMN6,Ocean Surveys - 2010 - Magnetic Intensity Study,4,
BS6R33VR,"Nedwell, Langworthy, Howell - Unknown - Measurements of Underwater Noise During Construction of Offshore Wind Farms and Comparison with",4,6
WTASPR6N,Michel et al. - 2007 - Worldwide Synthesis and Analysis of Existing Information Regarding Environmental Effects of Alternative Energy(2),11,4
W4QRBKHV,MMO 2014 review of environmental monitoring requirements for offshore wind,2,1
SHX5VXQ3,"Nedwell, Howell - 2004 - A review of offshore windfarm related underwater noise sources",4,6
7Q76Y87Z,Nedwell_2003_COWRIE_acoustics,4,
G3UQTZB2,Ma-2012-Dist_sampl_to_est_the_abundance_of_birds_with_sector,2,
KPM2JPI2,Maclean-2009-A_review_of_assessment_methodologies_for_offshore_windfarms,2,6
S52KKBYC,McKenzie Maxon - 2000 - Offshore Pile-Driving Underwater and Above-Water Noise Measurements and Analysis,4,6
9I4E9K56,"Maclean, Skov, Rehfisch - 2007 - Further Use of Aerial Surveys to Detect Bird Displacement by Offshore Windfarms",2,6
ZIB67WW9,Manwell - 2003 - Potential for Wind Energy Development on New England Islands Final Report,3,10
ALUMVQ6Q,Lead et al. - 2012 - Ocean science,4,
D69PABHS,Leonhard - 2006 - EIA Report Benthic communities Horns Rev 2 Offshore Wind Farm,2,6
W3IHISLQ,"Leonhard, Christensen - 2006 - Benthic Communities at Horns Rev Before , During and After Construction of Horns Rev Offshore Annual Repo",2,6
EXLG2J93,Leopold et al. - 2004 - Baseline studies North Sea Wind Farms Lot 5 marine birds in and around the future site Nearshore Windfarm (NSW),2,1
BQWY9YG6,Lockwood 2005 A Strategic Environmental Assessment of the Fish & Shellfish Resources with respect to Proposed Offshore Wind Farms in the Eastern Irish Sea,2,1
RAKUCWYG,Krijgsveld et al. - 2011 - Effect Studies Offshore Wind Farm Egmond aan Zee,2,1
37N44MHU,"Langston, Pullan, International - 2003 - Windfarms and Birds An analysis of the effects of windfarms on birds, and guidance on environme",2,6
6RX6VZPD,Jones et al. - 2009 - Determining the potential ecological impact of wind turbines on bat populations in Britain. Phase I Report,1,0
F8PXMYLS,"Kingsley, Whittam - 2003 - Wind turbines and birds a guidance document for environmental assessment (Draft, December 2003)",3,8
U5T3LCYM,Knights et al. 2010 London Array Aerial Bird Winter Survey Report 2009-10,8,5
T7URQEEB,"Jensen, Klaustrup, Skov - 2006 - Horns Rev Offshore Wind Farm II EIA Report Fish",2,6
Q4IFXP78,Horssen et al. - Unknown - Effect studies Offshore Wind Egmond aan Zee cumulative effects on seabirds,2,1
6J86Z5GW,Hutchins and Leopold - 2016 - Wildlife and wind energy are they compatible,2,3
VRKT8TVX,Hodos et al. - 2000 - Reduction of motion smear to reduce avian collision with wind turbines,7,15
WMSK9GLF,Hvidt et al. - 2006 - Hydro Acoustic Monitoring of Fish Communities at Offshore Wind Farms,2,1
E4JLGC28,Hydro Tasmania - 2004 - Musselroe Wind Farm Development Proposal and Environmental Management Plan Second Supplement - Revised Avian (2),3,1
DB3YX3WU,Hansen - 2012 - Small scale distribution of fish in offshore wind farms Master thesis report in Biology,2,1
RKDGTEML,"Hein, Gruver, Arnett - 2013 - Relating Pre-Construction Bat Activity and Post- Construction Bat Fatality To Predict Risk At Wind Ener(4)",1,0
XQ57XEXF,Halpin - 2009 - The world data center for,3,
DD8FUW2K,Harley et al. - 2001 - Wind farm development and nature conservation(2),5,1
FJJK2PCF,Hedley_et_al-1999-Spatial_modelling_from_line_transect_data,,7
4CW7NH8K,Hodos - 2003 - Minimization of motion smear reducing avian collisions with wind turbines(2),7,15
YUEKHTRA,Goodale and Stenhous - 2016 - AConceptualModelVulnerability of wildlife to offshore wind,2,1
UEZTGIK6,"Goodale, Divoll - 2009 - Birds, Bats, and Coastal Wind Farm Development in Maine A Literature Review",2,1
YDP3UV5S,Gordon and Nations - 2016 - CollisionRiskRedKnotsNantucketSound,0,
TJSEFTBU,Guernsey Renewable Energy Team - 2011 - Guernsey Regional Environmental Assessment of Marine Energy. Report by Guernsey Renewable Energy,4,4
549QQE9Y,"Gill, Townsley, Mudge - 1996 - Review of the impacts of wind farms and other aerial structures upon birds(2)",2,1
9NUWD7AY,Gill et al. - 2005 - The potential effects of electromagnetic fields generated by sub-sea power cables associated with offshore wind far,4,1
5RHL3ZNG,Gill et al. - 2008 - Kentish Flats Wind Farm Fifth Ornithological Monitoring Report,3,13
N8VC5ZKV,Eurobats - 2005 - Report of the Intersessional Working Group on Wind Turbines and Bat Populations,1,0
26Z5I2LL,European Marine Energy Centre - 2013 - Fall of Warness Wildlife Observations Methodology,4,4
WDRRUXIA,Final_Report_SOSS03A_Part2_feasibility of collision monitoring,3,10
39JEMV6I,A Methodology to Assess the National and Regional Impacts of U.S. Wind Energy Development on Birds and Bats,1,3
BHPJ6HBD,Impacts of wind energy development on birds and bats: Looking into the problem,1,1
KTHQRI64,Changes in the abundance and distribution of upland breeding birds at an operational wind farm,2,1
BVSZU78Q,Walney Extension Offshore Wind Farm - Annex B.6 marine mammals,2,1
JRKPLV7I,Mitigating Wind Energy Impacts on Wildlife: Approaches for Multiple Taxa,5,3
Z9N3K373,Framework for assessing and mitigating the impacts of offshore wind energy development on marine birds,2,3
V86LWTAX,Using weather radar to help minimize wind energy impacts on nocturnally migrating birds,8,7
88VRNDB3,Land-based Wind Energy Voluntary Operational Avoidance Guidance for the Tricolored Bat,7,14
373C4PRB,Wind Energy and Wildlife Impacts: Balancing Energy Sustainability with Wildlife Conservation,5,3
NACE227Q,Red aviation lights on wind turbines do not increase bat-turbine collisions: Bats are not attracted to aviation lighting,1,0
GGGAYJ5I,Proceedings from the State of the Science and Technology for Minimizing Impacts to Bats from Wind Energy,5,3
KMS6WCHM,Simulating the influences of bat curtailment on power production at wind energy facilities,7,0
Z5AXUSWT,Summary of Discussions from the Bird and Bat Specialist Committee of the Environmental Technical Working Group (E-TWG),5,8
7FUALK4F,"Testing efficacy of bird deterrents at wind turbine facilities: a pilot study in Nova Scotia, Canada",7,0
FRX8ED5V,Quantifying avian avoidance of offshore wind turbines: Current evidence and key knowledge gaps,2,1
KG5YWIA7,Acoustic monitoring reveals spatiotemporal occurrence of Nathusius’ pipistrelle at the southern North Sea during autumn migration,1,1
SECPM3W6,Night Migrant Fatalities and Obstruction Lighting at Wind Turbines in North America,1,1
FLKPG67W,Mitigation measures for preventing collision of birds with wind turbines,2,1
CGP4YD5Z,PHAROS4MPAs: A Review of Solutions to Avoid and Mitigate Environmental Impacts of Offshore Windfarms,2,6
RUDZ7M7Y,How to mitigate impacts of wind farms on bats? A review of potential conservation measures in the European context,2,1
43MTVRJ6,The Aversive Effect of Electromagnetic Radiation on Foraging Bats—A Possible Means of Discouraging Bats from Approaching Wind Turbines,8,0
5AFMM5QC,"Mitigating wind-turbine induced avian mortality: Sensory, aerodynamic and cognitive constraints and options",2,0
P4DBVZM3,Birds and wind projects across the pond: A UK perspective,2,3
ZPH33R2P,Minimization of Motion Smear: Reducing Avian Collisions with Wind Turbines,7,15
3XKDH93P,New insights into the influence of turbines on the behaviour of migrant birds: implications for predicting impacts of offshore wind developments on wildlife,1,8
FZWL3EYT,Reducing Bat Fatalities Using Ultrasonic Acoustic Deterrent Technology: A Potential Mechanism for Conservation at Offshore Wind Energy Sites,7,0
3LW54AZY,A predictive model for improving placement of wind turbines to minimise collision risk potential for a large soaring raptor,2,2
VCH9QU63,Assessment of compensatory measures for impacts of offshore windfarms on seabirds,2,6
TZJ3G752,Effects of wind farms on birds,2,1
D9LC3N57,Drone‐mounted audio‐visual deterrence of bats: implications for reducing aerial wildlife mortality by wind turbines,7,0
BAEBS993,Economic Impacts of Curtailing Wind Turbine Operations for the Protection of Bat Populations in Ontario,1,1
NZA8FF9V,Avian vulnerability to wind farm collision through the year: Insights from lesser black‐backed gulls ( <i>Larus fuscus</i> ) tracked from multiple breeding colonies,2,13
Z8MBHS2M,ORJIP Bird avoidance behaviour and collision impact monitoring at offshore wind farms,2,1
L3P2T6UQ,Evaluating the Effectiveness of an Ultrasonic Acoustic Deterrent in Reducing Bat Fatalities at Wind Energy Facilities,7,0
X4WWXV2F,Raptor Interactions With Wind Energy: Case Studies From Around the World,9,6
GXRR2BJC,Primary vs grey: A critical evaluation of literature sources used to assess the impacts of offshore wind farms,2,1
SXFI966E,Effects of Wind Turbine Curtailment on Bird and Bat Fatalities,7,0
52WMZ3XU,REWI Technical Report - 3rd Edition: Summary of Bird Fatality Data Contained in AWWIC Land-based Wind Energy Monitoring Database,1,14
IWBI2Z7R,Evaluation of an acoustic deterrent to reduce bat mortalities at an Illinois wind farm,7,0
87ZP6IA5,Research into the effect of black blade in wind turbine - Vattenfall,1,0
8KYPND5X,Wind turbines displace bats from drinking sites,1,0
GDMUG6Z5,Toward solving the global green–green dilemma between wind energy production and bat conservation,1,3
A3QBG83F,Bat Activity Rates do not Predict Bat Fatality Rates at Wind Energy Facilities,1,0
8ZYC98KZ,U.S. Department of Energy’s Wind Program funding in the United States: Environmental projects report fiscal years 2006-2014,3,7
88DS7RH6,Guidelines for providing information on fisheries for renewable energy development on the Atlantic Outer Continental Shelf pursuant to 30 CFR part 585,2,6
BGPHGUXH,Radar obersvations of bird migration over the great lakes,8,7
4B9WVYSU,Marine birds: Vision-based wind turbine collision mitigation,2,0
A4R3JGHD,Wind energy interactions with wildlife: Answers to frequently asked questions based on the state of the science,5,14
KWKK45EP,Best practice guidance for the use of remote techniques for observing bird behaviour in relation to offshore wind farms,8,1
XU5IAD7A,Turbine height as a management tool for collision risk to birds at offshore wind farms,2,15
9CUNU92U,Environmental impacts of offshore wind farms in the Belgian part of the North Sea: Learning from teh past to optimise future monitoring programmes,2,1
TDS3Z8FR,Danish offshore wind: Key environmental issues – a Follow-up,2,1
4N6XLFPI,Migration of bats past a remote island offers clues toward the problem of bat fatalities at wind turbines,1,0
M7MR5NZB,Bird and bat mortality at wind farms in South America: Lessons from monitoring and mitigation practices in Chile,1,1
MEXPULNK,Holistic impact assessment metrics for on-and offshore wind. Deliverable 1.2. JustWind4All project.,0,7
KD366L28,"Aerial Surveys Of Round 3, Zone 5 For Waterbirds Final Report",8,6
AAU6RBRL,Right Wind: Resolving Protected Species Space-Use Conflicts in Wind Energy Areas,4,6
3MXNYBQZ,Black Blade and preventive measures for birds (Spanish wind industry),2,1
2HRRU5ST,"Assessing, monitoring and mitigating the effects of offshore wind farms on biodiversity",2,1
AYWLBKDP,Post-release survival of Golden Eagles in Western North America following clinical rehabilitation from injury and disease,6,5
H26L3DSJ,Wind turbine electricity generators: Avian and microbat risk assessment: Report to Northern Star Resources v2,3,5
ZIXLC6QZ,Black bear habitat selection in response to beech mast and wind energy,3,3
6ANDZHMR,Overview of the potential ecological impacts of three offshore locations for wind farms in Aotearoa New Zealand,2,1
YMUT7JQF,State siting and permitting of wind energy facilities,3,3
QALH4NM6,Burbo offshore wind farm: Construction phase environmental monitoring report,3,1
Z7ZMWJQP,Guidance on cumulative effects analysis in environmental assessments and environmental impact statments,3,1
HWR9HUBM,Recording foraging seabrids at sea. Standardised recording and coding of foraging behavior and multi-species foraging associations,2,17
79PKXWDZ,Towards standardised seabirds at sea census techniques in connection with environmental impact assessments for offshore wind farms in the U.K.,2,1
TB4YLVXE,Analysis of the argyll array turbine layout iterations in relation to ornithological constraints,2,1
GF29ELJN,Effect of piling noise on the survival of fish larvae (pilot study),4,6
QL4YAF6C,Environmental and ecological effects of ocean renewable energy development: A current synthesis,4,4
RM9NLEIQ,"New insights and new tools regarding risk to Roseate Terns, Piping Plovers, and Red Knots from wind facility operations on the Atlantic Outer Continental Shelf",2,1
7JF2LPAM,Underwater hearing sensitivity of the leatherback sea turtle (<i>Demochelys coriacea</i>): Assessing the potential effect of anthropogenic noise,4,0
E453W93C,"Roadmap: Technologies for cost effective, spatial resource assessments for offshore renewable energy",4,4
YLU4Y68Y,"Atlantic OCS proposed geological and geophysical activities: Mid-Atlantic and South Atlantic planning areas, biological Assessment",3,6
36XHGC78,A Pioneer in Transition: Horizon Scanning of Emerging Issues in Germany’s Sustainable Wind Energy Development,,3
RTYZI4HH,Fine-scale habitat uses and activity budgets of wintering Morus bassanus (Northern Gannet) in an anthropogenic seascape,2,3
8YSFI4AQ,The First Large-Scale Offshore Aerial Survey Using a High-Resolution Camera System,8,6
74YHSHWA,Developing an automated risk management tool to minimize bird and bat mortality at wind facilities,1,8
UMN7ALCN,Multi-sensor Arrays Provide Complementary Information on Bat Presence and Activity in the Offshore Environment,1,8
V7KVLYWK,Using seabird satellite tracking data to indentify marine IBAs: A workshop to determine how to achieve this goal,8,
78ERRLRU,Accelerating technology development to monitor and minimize effects from land-based wind energy on birds and bats,10,14
7JPBVBGH,Migratory strategy is a key factor driving interactions at wind energy facilities in at‐risk North American bats,1,3
BRYHDM3Z,Efficacy of avian radar systems for tracking birds on the airfield of a large international airport,8,7
J6MJKLVM,Contrasting effects of wind farm disturbances on multi-dimensional competition and coexistence of sympatric mesocarnivores,9,15
335CPU4Q,"Red kite (<i>Milvus milvus</i>) collision risk is higher at wind turbines with larger rotors and lower clearance, evidenced by GPS tracking",2,15
D2Y72ZGZ,Environmental impacts of renewable energy systems and strategies for mitigation,5,4
Y5LJZ3UH,Impacts of onshore wind energy production on biodiversity,5,3
98SIVR94,Background mortality of wildlife on renewable energy projects,1,0
TTDY7CTI,Development of noise mitigation measures in offshore wind farm construction,4,6
A4QMK6CL,From dusk till dawn: ecoacoustic monitoring reveals wind energy impacts on roding Eurasian woodcock <i>Scolopax rusticola</i>,1,1
BM44ADUJ,Is clean growth really all that clean? A review of the cumulative effects associated with renewable energy clean growth initiatives in Canada and beyond,3,1
S4SDJVMK,BirdRecorder's AI on Sky: Safeguarding birds of prey by detection and classification of tiny objects around wind turbines,2,15
GYXVLDKD,North Hoyle Offshore Wind Farm baseline monitoring report,2,13
X7M4P877,"Ecological impacts of wind energy development on bats: questions, research needs, and hypotheses",5,3
R2KMBH6P,Barrow offshore wind farm,2,1
J2DYVFIK,Mapping Wintering Waterfowl Distributions Using Weather Surveillance Radar,8,7
GPB2EPWR,Activity-based Informed Curtailment: Using Acoustics to Design and Validate Smart Curtailment to Reduce Risk to Bats at Wind Farms,7,1
NWF73KX9,Impacts of wind energy facilities on wildlife and wildlife habitat,5,3
FIRN5KUT,Cape Wind Energy Project Environmental Assessment,3,8
S9IFI49G,Offshore wind farms – ecological effects of noise and habitat alteration on fish,4,1
DMLD2GNI,Standard metrics and methods for conducting avian wind energy interaction studies,6,5
4GKCE3BM,The costs of wind energy permitting compliance actions for regulated bats in the US,0,10
UA2NLGIE,Bat Impact Minimization Technology: An Improved Bat Deterrent for the Full Swept Rotor Area of Any Wind Turbine,7,8
HCEHMYDZ,Risk Assessment of Bird Collisions with a Wind Turbine Based on Flight Parameters,2,5
U2JY5AHM,Methodological Selection of Optimal Features for Object Classification Based on Stereovision System,2,8
IAMSN56N,"Detection-reaction systems in onshore windfarms, a mitigation solution to reduce bird fatalities: Principles for a relevant assessment of their performances",5,5
6UVNK5DX,Americans support for renewable energy is disconnected from their understanding of powerline infrastructure as a mechanism to mitigate climate change,10,4
9V22JNF8,“We Don’t Take the Pledge”: Environmentality and environmental skepticism at the epicenter of US wind energy development,5,3
X7RIGEWC,Intention to respond to local wind turbines: the role of attitudes and visual perception,10,7
GXG9EM86,Public acceptance of offshore wind power projects in the USA,2,7
FJG6B69P,Public attitudes of wind energy in Texas: Local communities in close proximity to wind farms and their effect on decision-making,10,0
FH4AN9GY,The role of values in public beliefs and attitudes towards commercial wind energy,10,3
LPU69D25,Spatial Hedonic Analysis of the Effects of US Wind Energy Facilities on Surrounding Property Values,0,3
ZU7AM8KM,Public acceptance of offshore wind energy: Relationships among general and specific attitudes,10,1
593SRRMD,The Effects of Information on Public Attitudes Toward Renewable Energy,10,4
S29LWTFZ,"Public views on renewable energy in the Rocky Mountain region of the United States: Distinct attitudes, exposure, and other key predictors of wind energy",10,4
EFXAFSAU,"Beauty in motion: Expectations, attitudes, and values of wind energy development in the rural U.S",10,3
RSV6EU5R,Public understanding of and support for wind power in the United States,10,7
S85HDW7C,"Sun, Wind, Rock and Metal: Attitudes toward Renewable and Non-renewable Energy Sources in the Context of Climate Change and Current Energy Debates",10,4
HPR2KYH9,Wind Turbines and Invisible Technology: Unarticulated Reasons for Local Opposition to Wind Energy,10,0
6IIBDN54,Thirty years of North American wind energy acceptance research: What have we learned?,10,3
EX9VJW93,Opposition “overblown”? Community response to wind energy siting in the Western United States,10,4
8CJV7XPK,Winds of change: examining attitude shifts regarding an offshore wind project,10,10
NWJMAV88,Ocean beliefs and support for an offshore wind energy project,2,8
YJ77BQLX,A change in the wind? US public views on renewable energy and climate compared,10,4
86JR8BDY,Attitudes of U.S. Wind Turbine Neighbors: Analysis of a Nationwide Survey,10,0
9R29QZ8T,For the love of sun and wind? Proximity to renewable energy facilities and support for renewable power across time and space in the United States,10,4
2QCCLG5I,"Uncharted waters: Exploring coastal recreation impacts, coping behaviors, and attitudes towards offshore wind energy development in the United States",10,3
3XWTCD6I,Explaining Resident Attitudes toward Wind Energy Development in the Sandhills,10,3
LI326PKN,Carbon or cash: Evaluating the effectiveness of environmental and economic messages on attitudes about wind energy in the United States,10,0
C6HUPDMZ,Prevalence and predictors of wind energy opposition in North America,10,10
EEI8CGRC,The winds of change? Attitudes toward wind projects and their electoral implications in Texas,10,10
NJMQ6DJL,"Comparison of Avian Responses to UV-Light-Reflective Paint on Wind Turbines: Subcontract Report, July 1999--December 2000",3,5
ZPMXEU5D,Lack of evasive behaviour by a Martial Eagle <i>Polemaetus bellicosus</i> on impact with a turbine blade at a South African wind farm: causes and mitigations,3,1
7GQT5S3W,"AVIAN FATALITIES at the UMOYA WIND FARM, HOPEFIELD",3,1
ZWFJHDI8,Spatiotemporal patterns in sex ratios of bat fatalities at wind energy facilities in the United States,7,0
MQTCGF3Y,Turbines and terrestrial vertebrates: Variation in tortoise survivorship between a wind energy facility and an adjacent undisturbed wildland area in the Desert Southwest (USA),0,3
5D3C9JB4,When the excrement hits the fan: Fecal surveys reveal species-specific bat activity at wind turbines,1,0
RYKE8UU4,Effect of Wind Turbine Proximity on Nesting Success in Shrub-nesting Birds,9,3
AKK3IYDZ,Standardised and referenced acoustic monitoring reliably estimates bat fatalities at wind turbines: comments on ‘Limitations of acoustic monitoring at wind turbines to evaluate fatality risk of bats’,7,0
XDJ6VUCC,BAT BEHAVIOR AT COMMERCIAL WIND TURBINES AS REVEALED BY 3-D THERMAL VIDEOGRAPHY,1,0
5F2UQ8NY,Variation in bat and bird fatalities at wind energy facilities: assessing the effects of rotor size and tower height,1,0
EFWHA24Q,Flight Type and Seasonal Movements Are Important Predictors for Avian Collisions in Wind Farms,2,1
HEGQ7C7C,"Patterns of activity and fatality of migratory bats at a wind energy facility in Alberta, Canada",1,0
2GWUZJWY,Effects of turbine height and cut-in speed on bat and swallow fatalities at wind energy facilities,1,0
EV3ZAGJW,Bats and Wind Turbines: Adding Ecological Context to the Olfaction Hypothesis,1,0
YSWREXYJ,Ultrasonic deterrents provide no additional benefit over curtailment in reducing bat fatalities at an Ohio wind energy facility,7,0
8ZNQXDUQ,Mortality at wind-farms is positively related to large-scale distribution and aggregation in griffon vultures,2,1
I38R5FGU,Unusual migratory strategy a key factor driving interactions at wind energy facilities in at-risk bats,1,3
UYQJPCTC,Additional Evidence for Barotrauma as a Cause of Bat Mortality at Wind Farms,1,1
UJ328W9I,Field testing an “acoustic lighthouse”: Combined acoustic and visual cues provide a multimodal solution that reduces avian collision risk with tall human-made structures,2,15
ZG2I6NIZ,Forecasting suitable areas for wind turbine occurrence to proactively improve wildlife conservation,5,0
3K6WP2M8,Griffon vulture mortality at wind farms in southern Spain: Distribution of fatalities and active mitigation measures,2,1
NKDKVNYK,"Reduced breeding success in white-tailed eagles at Smøla windfarm, western Norway, is caused by mortality and displacement",2,1
ZESZKVSK,Influencing Activity of Bats by Dimly Lighting Wind Turbine Surfaces with Ultraviolet Light,1,0
VY3XTDAV,Historical effective population size of North American hoary bat ( <i>Lasiurus cinereus</i> ) and challenges to estimating trends in contemporary effective breeding population size from archived samples,1,0
XDNTTB9I,Autonomous Sensor System for Wind Turbine Blade Collision Detection,1,14
45TMX2WR,Activity Pattern and Correlation between Bat and Insect Abundance at Wind Turbines in South Sweden,1,0
LDT749QR,Estimation of spatiotemporal trends in bat abundance from mortality data collected at wind turbines,1,0
EQI82F8J,The impact of wind energy facilities on grouse: a systematic review,9,0
XZSY2LTE,Increasing evidence that bats actively forage at wind turbines,1,0
9J44PBZY,"Non-territorial GPS-tagged golden eagles Aquila chrysaetos at two Scottish wind farms: Avoidance influenced by preferred habitat distribution, wind speed and blade motion status",6,1
LEWEILNE,Evaluating the effectiveness of a detection and deterrent system in reducing Golden Eagle fatalities at operational wind facilities,6,5
YDJRSMS3,Wind farms and Griffon Vultures: Evidence that under certain conditions history is not-always turbulent,2,1
KXTC7BND,A long-term assessment of raptor displacement at a wind farm,9,1
9XN532QT,Significant decline of Griffon Vulture collision mortality in wind farms during 13-year of a selective turbine stopping protocol,2,1
9ILFUDCN,Effects of development of wind energy and associated changes in land use on bird densities in upland areas,2,1
GN76BH46,Effects of wind farms on raptors: A systematic review of the current knowledge and the potential solutions to mitigate negative impacts,9,1
ZSGUKIWV,Effectiveness of an artificial intelligence-based system to curtail wind turbines to reduce eagle collisions,6,6
3QUZJEYG,Acoustic and Genetic Data Can Reduce Uncertainty Regarding Populations of Migratory Tree-Roosting Bats Impacted by Wind Energy,1,0
QFURAUXI,The effects of a large-scale wind farm on breeding season survival of female mallards and blue-winged teal in the Prairie Pothole Region,9,3
HRB37VJ9,Developing and Evaluating a Smart Curtailment Strategy Integrated with a Wind Turbine Manufacturer Platform,7,0
U8CRLF8L,Curtailment and acoustic deterrents reduce bat mortality at wind farms,7,0
EAHE3EUG,Are Bat Activity and Mortality Best Predicted by Weather Measured On-Site or at Off-Site Regional Airports?,1,0
MQQESRLF,Behavioral patterns of bats at a wind turbine confirm seasonality of fatality risk,1,0
2JCH94UB,"Acoustic deterrents influence foraging activity, flight and echolocation behaviour of free-flying bats",7,0
6MFT5WKT,Nest survival of Red-winged Blackbirds in agricultural areas developed for wind energy,9,3
RZ6SYQZE,Towards a better understanding of avian collision in wind energy facilities using automatic detection systems,2,15
M9H7KCD7,Behavior of red-tailed hawks in a wind turbine development,9,5
7MXKM42W,Wind turbines in high quality habitat cause disproportionate increases in collision mortality of the white-tailed eagle,2,0
AHUWE2CC,Methodology for the Automated Visual Detection of Bird and Bat Collision Fatalities at Onshore Wind Turbines,8,5
MY3GYIV2,Relative energy production determines effect of repowering on wildlife mortality at wind energy facilities,1,15
SK9IT9N8,Site Wind Right: Identifying Low-Impact Wind Development Areas in the Central United States,5,3
HMJQ8CWF,Bats of the United States and Canada,1,16
H3MQ85L3,Nest site selection and nest survival of Greater Prairie-Chickens near a wind energy facility,9,3
45GQ5676,"Collision Mortality of Local and Migrant Birds at a Large-Scale Wind-Power Development on Buffalo Ridge, Minnesota",2,1
GDBRSWV6,Behavioral Responses of Bats to Operating Wind Turbines,1,0
C8WRULQT,Advances in sex determination in bats and its utility in wind-wildlife studies,7,13
K8M4CFCG,"Wind energy, nest success, and post‐fledging survival of <i>Buteo</i> hawks",9,3
34MBPYX5,Wind turbines and birds: a background review for environmental assessment,3,8
NXYQSQUW,Resource selection and survival of plains sharp-tailed grouse at a wind energy facility,9,3
IEKP3MCU,Bat Mortality and Activity at a Northern Iowa Wind Resource Area,1,5
4W8HDKCR,Distance to hedgerows drives local repulsion and attraction of wind turbines on bats: Implications for spatial siting,1,0
QLLF7W8P,"Greater sage-grouse habitat selection, survival, and wind energy infrastructure",9,3
G52M33ZW,Greater sage-grouse male lek counts relative to a wind energy development,9,3
EDNDWGQM,Patterns in lek persistence and attendance by lesser prairie-chicken (Tympanuchus pallidicinctus) near a wind energy facility in southern Kansas,9,3
NKXW4JUV,An investigation into the potential for wind turbines to cause barotrauma in bats,1,0
VU93NEBP,Understanding fatality patterns and sex ratios of Brazilian free-tailed bats (Tadarida brasiliensis) at wind energy facilities in western California and Texas,1,0
AHB9VGXX,"Effects of wind energy production on a threatened species, the Bicknell’s Thrush <i>Catharus bicknelli</i> , with and without mitigation",5,3
8FLLE2KV,Wind energy development and wildlife conservation: Challenges and opportunities,5,3
PNLH6B99,Reproductive success of Horned Lark and McCown's Longspur in relation to wind energy infrastructure,9,3
P8BSXARW,Nocturnal Bird Migration over an Appalachian Ridge at a Proposed Wind Power Project,8,7
54T4VQ3S,Reptiles and amphibians,2,1
ZXWTVFEY,Bird–building collisions in the United States: Estimates of annual mortality and species vulnerability,1,5
9B8G4DEI,Effect of wind energy development on breeding duck densities in the Prairie Pothole Region,2,3
U2UMDM2Z,Modeling Species-Specific Collision Risk of Birds with Wind Turbines: A Behavioral Approach,2,15
C5M223KZ,National-scale impacts on wind energy production under curtailment scenarios to reduce bat fatalities,7,0
6I29IEBW,Nocturnal Bird Migration in Northeastern Oregon and Southeastern Washington,8,7
GSGXL989,Modeling golden eagle-vehicle collisions to design mitigation strategies,6,5
JEQM94S6,Predicting Bald Eagle Collision at Wind Energy Facilities,6,5
ATG66LV9,Variable effects of wind-energy development on seasonal habitat selection of pronghorn,9,3
VCH9UXLJ,Wind turbines cause functional habitat loss for migratory soaring birds,2,0
A9Q6W59Z,Carcass age and searcher identity affect morphological assessment of sex of bats,1,
2N47CXDR,Environmental Impacts of Wind-Energy Projects,3,8
D3SQJIV3,"Age-specific survival rates, causes of death, and allowable take of golden eagles in the western United States",6,5
I4DVAJSS,Vulnerability and behavioural avoidance of Golden Eagles near wind farms during the breeding season,6,1
WXRDP4MK,Considerations for upscaling individual effects of wind energy development towards population-level impacts on wildlife,5,3
5BL56NTH,Stochastic agent-based model for predicting turbine-scale raptor movements during updraft-subsidized directional flights,6,5
ZHDKQSDU,Efficacy and cost of acoustic-informed and wind speed-only turbine curtailment to reduce bat fatalities at a wind energy facility in Wisconsin,7,0
HKTPD8WD,Spatial Pattern of Summer Bat Mortality from Collisions with Wind Turbines in Mixed-grass Prairie,1,0
NQG7RFHX,"Empirical Evidence for Factors Affecting Searcher Efficiency and Scavenging Rates at a Coastal, Terrestrial Wind-Power Facility",1,7
CSTD6GRY,Migrating Whooping Cranes avoid wind-energy infrastructure when selecting stopover habitat,8,14
SQX96935,Evidence of region-wide bat population decline from long-term monitoring and Bayesian occupancy models with empirically informed priors,1,16
R8ULBWZI,Peaks in bat activity at turbines and the implications for mitigating the impact of wind energy developments on bats,1,0
832DVZD8,Columbian sharp-tailed grouse brood success and chick survival in a wind-energy landscape,9,3
EGIQD22V,Columbian sharp-tailed grouse nesting ecology: wind energy and habitat,9,3
YT2MQHRM,Informing wind energy development: Land cover and topography predict occupancy for Arizona bats,1,3
2TS4DKKS,Timing and weather offer alternative mitigation strategies for lowering bat mortality at wind energy facilities in Ontario,1,0
DKD5SIY5,Predation risk: a potential mechanism for effects of a wind energy facility on Greater Prairie-Chicken survival,9,3
VE7M3NZ7,Avian and Bat Fatality Rates at Old-Generation and Repowered Wind Turbines in California,1,5
LJG8R2MU,Assessing the use of long-term lek survey data to evaluate the effect of landscape characteristics and wind facilities on sharp-tailed grouse lek dynamics in North Dakota and South Dakota,9,8
HJ3UPIZP,Factors Influencing Winter Mortality Risk for Pronghorn Exposed to Wind Energy Development,9,3
CTWUTUPW,Genetic diversity in migratory bats: Results from RADseq data for three tree bat species at an Ohio windfarm,1,0
LEGTV8WS,"Contextualizing avian mortality: A preliminary appraisal of bird and bat fatalities from wind, fossil-fuel, and nuclear electricity",0,1
XAHG5A5S,Pronghorn Winter Resource Selection Before and After Wind Energy Development in South-Central Wyoming,9,3
S343XHDT,Influence of behavior on bird mortality in wind energy developments,1,5
4TNWLUEN,Lead Exposure is Unrelated to Wind Turbine Mortality in Golden Eagles,6,5
4L6CWE9F,Using acoustics and imaging to assess bat behavior and activity at towers: Implications for wind energy,1,8
73C8CWDG,Changes in flight paths of large-bodied birds after construction of large terrestrial wind turbines,2,5
ZKRS7ITY,Limitations of acoustic monitoring at wind turbines to evaluate fatality risk of bats,7,0
3NYW4N9M,"Avian and Bat Monitoring Project, Vasco Winds. LLC., Final  Report, 2012-2015",3,10
SYNUAGRE,Permits for Incidental Take of Eagles and Eagle Nests; Correction and Technical Amendment,6,5
WVWDIWCJ,Geographic source of bats killed at wind-energy facilities in the Eastern United States,1,3
GILZK9PS,Using echolocation monitoring to model bat occupancy and inform mitigations at wind energy facilities,1,3
LP7BAX2Y,Long-Term Changes in Nesting Raptor Communities after Construction of Wind Power Projects,6,7
AKBQPNLD,Response of Rocky Mountain Elk (Cervus elaphus) to Wind-power Development,3,7
F57R8RBD,Insect fatalities at wind turbines as biodiversity sinks,1,0
UFU32Z27,ANTICOAGULANT EXPOSURE IN GOLDEN EAGLE (AQUILA CHRYSAETOS) POWER LINE ELECTROCUTION AND WIND TURBINE MORTALITIES,6,5
PUCKKEAV,"Golden eagle population surveys in the vicinity of the Altamont Pass Wind Resource Area, California, 2014–21",6,5
QLFZJMBK,Genetic approaches to the conservation of migratory bats: a study of the eastern red bat (Lasiurus borealis),1,0
WQA58ILD,Modeling the power of acoustic monitoring to predict bat fatalities at wind turbines,1,0
8GVKR7YA,Real-Time Bird Detection and Collision Risk Control in Wind Farms,8,1
TNH99G9F,"Curtailment Research Study for the Crescent Wind Project Hillsdale County, Michigan",7,10
RDI5G6WV,Proceedings of the 15th Wind-Wildlife Research Meeting,5,3
2TEGXPKD,An analysis of displacement from wind turbines in a wintering grassland bird community,2,3
CTI2QD5P,Wind turbines do not negatively affect nest success in the Dickcissel ( <i>Spiza americana</i> ),9,3
PAM8SPVF,Mitigating the negative impacts of tall wind turbines on bats: Vertical activity profiles and relationships to wind speed,1,0
44L9SU9Y,A continental system for forecasting bird migration,8,7
GUKAQSXB,Factors associated with bat mortality at wind energy facilities in the United States,1,8
4T2Z4HPW,"Wildlife and Wind Farms: Conflicts and Solutions, Volume 1: Onshore: Potential Effects and Volume 2: Onshore: Monitoring and Mitigation",5,1
KRAQX789,Linking bat surveys with meteorological data: a way to target operational wind farm mitigation,7,1
4QGZVBK6,A modelling framework to predict bat activity patterns on wind farms: An outline of possible applications on mountain ridges of North Portugal,1,0
L2W8QEV3,Renewable Energy Curtailment Reduction for California,7,4
2IMCLLFF,Bat flight height monitored from wind masts predicts mortality risk at wind farms,3,1
HT9XW39X,"Bat Acoustic Survey Report for the Crocker Wind Farm Clark County, South Dakota",1,0
N3KKXN9R,Predicting and Managing Risk to Bats at Commercial Wind Farms using Acoustics,1,1
3XHA9YLB,Influence of landscape and time of year on bat-wind turbines collision risks,2,15
U8FYD3HH,Fatalities at wind turbines may threaten population viability of a migratory bat,1,0
XGQ9DSXG,Estimating Bat and Bird Mortality Occurring at Wind Energy Turbines from Covariates and Carcass Searches Using Mixture Models,1,8
X6TUFAQM,Inconspicuous echolocation in hoary bats (<i>Lasiurus cinereus</i>),1,0
TXQ3CYLG,Factors influencing wind energy curtailment,7,4
7TCPYLV3,"Continental‐scale, seasonal movements of a heterothermic migratory tree bat",1,0
8Y7ZDNTT,Resource Availability May Not Be a Useful Predictor of Migratory Bat Fatalities or Activity at Wind Turbines,1,0
YR7BY8KK,A Large‐Scale Mitigation Experiment to Reduce Bat Fatalities at Wind Energy Facilities,1,0
HQHDVREC,Camera-based switch-off of Wind turbines with Bird Vision,2,1
B59IQQAT,Bioseco Pilot Study Results Report,2,7
BZA6UDW7,A standardized protocol for assessing the performance of automatic detection systems used in onshore wind power plants to reduce avian mortality,5,12
DZAINRMF,Investigation of the Effectiveness of Bat and Bird Detection of the DTBat and DTBird Systems at Calandawind Turbine - Final Report,6,10
PJE7C5MT,A framework for post‐processing bird tracks from automated tracking radar systems,8,1
I6XPN6BS,A Biomimetic Ultrasonic Whistle for Use as a Bat Deterrent on Wind Turbines,7,8
3DFV382M,Sustainable development of green energy-automated bird protection at wind farms,2,1
6PZK226R,Reanalysis indicates little evidence of reduction in eagle mortality rate by automated curtailment of wind turbines,7,5
S65MA29X,Evaluation of the DTBird video-system at the Smøla wind-power plant. Detection capabilities for capturing near-turbine avian behaviour,6,12
UQINICWD,Confirmation that eagle fatalities can be reduced by automated curtailment of wind turbines,7,5
5BBWF8CR,Comprehensive Bird Preservation at Wind Farms,8,1
X9MI6RP4,Unmanned Aerial Vehicles Used to Assess Performance of Automated Detection and Audio Deterrent System for Reducing Wind-Turbine Collison Risk for Golden Eagles,6,5
NUHGXG9A,Trends in Greater Sage-Grouse lek counts relative to existing wind energy development in Wyoming,9,3
7CVG6BCU,A meta-analysis investigating the effects of energy infrastructure proximity on grouse demography and space use,9,8
9UHS3TRL,"NREL/REWI Hoary Bat Webinar Series: Webinar 2: Hoary Bat Interactions with Wind Energy, Minimization, and Regulatory Outlook",13,0
TU4FZQY4,Proccedings of the 14th Wind-Wildlife Research Meeting,5,3
C2FERGDW,Proceedings of the Wind-Wildlife Research Meeting IX,5,3
G8GCAMI8,Proceedings of the Wind Wildlife Research Meeting X,5,3
TC97IPML,Proceedings of the Wind-Wildlife Research Meeting XII,5,3
BRDNYRLU,Proceedings of the 13th Wind-Wildlife Research Meeting,5,3
MLGY9I84,Proceedings of the Wind Wildlife Research Meeting XI,5,3
H393CGCW,Bats and Wind Energy Cooperative Science and All Committees Meeting III,7,3
C8PHSJMZ,State of the Art in Wind Siting: A Seminar Meeting Proceedings,5,3
YDY9IR6Z,Proceedings of the Wind Wildlife Research Meetings VIII,5,3
GA3B8L4X,The ecology of dust,0,0
IHD8PMVS,AWWI technical report: performance of the GenEst mortality estimator compared to the Huso and Shoenfeld estimators,14,14
8TPEY68A,"Limitations, lack of standardization, and recommended best practices in studies of renewable energy effects on birds and bats",3,4
68R7V6LU,Wind energy and insects: reviewing the state of knowledge and identifying potential interactions,1,7
CVSUEFHD,Estimated golden eagle mortality from wind turbines in the western United States,6,5
7F7BFBHQ,Drivers of bat activity at wind turbines advocate for mitigating bat exposure using multicriteria algorithm-based curtailment,7,0
ESIV2RY4,Potential for spatial coexistence of a transboundary migratory species and wind energy development,1,3
RVEQNRA5,Bird and bat species' global vulnerability to collision mortality at wind farms revealed through a trait-based assessment,2,8
X6GXXI27,Birds not in flight: using camera traps to observe ground use of birds at a wind-energy facility,8,15
KYKL6YYU,Wind energy interactions with wildlife and their habitats: A summary of research results and priority questions,5,14
H2XBU44I,The State of the Science on Operational Minimization to Reduce Bat Fatality at Wind Energy Facilities,7,0
MXDYSEMV,Technology Acceptance Workshop: Meeting Proceedings,10,3
T648KRFH,Wind Vision Detailed Roadmap Actions: 2017 Update,2,
7GA2FXG6,Patterns of Bat Fatalities at Wind Energy Facilities in North America,1,0
R2WUHR5H,Impacts to wildlife of wind energy siting and operation in the United States,5,3
HSENYZPH,AWWI technical report: 2nd edition: Summary of bat fatality monitoring data contained in AWWIC,1,14
2U5ZBJT9,Wind turbine fatalities approach a level of concern in a raptor population,2,15
IFJMA4RM,Large scale risk-assessment of wind-farms on population viability of a globally endangered long-lived raptor,2,1
2GYTQ2RJ,Estimates of bird collision mortality at wind facilities in the contiguous United States,1,13
MSKXJG7U,Relating Pre-construction Bat Activity and Post-construction Bat Fatality to Predict Risk at Wind Energy Facilities: A Synthesis,3,0
2FP6LFU8,Impacts of wind energy development on bats: implications for conservation.,5,3
M9T5EPFX,"Performance of the real-time bat detection system DTBat at the  wind turbine of Calandawind, Switzerland",6,8
BVZMVUSH,Eagle fatalities are reduced by automated curtailment of wind turbines,7,5
PIZ3T2I2,The Geomyces Fungi: Ecology and Distribution,1,16
KJDVZWUH,A smart curtailment approach for reducing bat fatalities and curtailment time at wind energy facilities,7,0
NIHZCNBP,Classification of birds and bats using flight tracks,8,8
NNQLGP2S,"Final Technical Report: A Heterogeneous System for Eagle Detection, Deterrent, and Wildlife Collision Detection for Wind Turbines",3,14
PWV4YQ7A,Evaluating a Commercial-Ready Technology for Raptor Detection and Deterrence at a Wind Energy Facility in California,9,3
VBRNLJL4,Acoustic exposure to turbine operation quantifies risk to bats at commercial wind energy facilities,1,0
NDJWESSS,Paint it black: Efficacy of increased wind turbine rotor blade visibility to reduce avian fatalities,2,15
UND656UM,Ultrasonic acoustic deterrents significantly reduce bat fatalities at wind turbines,7,0
TAHZSLRN,Integration of Wildlife Detection and Deterrent Systems in Wind Power Plants,7,12
7CRWKRV8,Reducing bat fatalities at wind facilities while improving the economic efficiency of operational mitigation,7,0
VGNSX3MU,Monitoring Raptor Movements with Satellite Telemetry and Avian Radar Systems: An Evaluation for Synchronicity,8,7
RTN2UTTF,Performance test and verification of an off-the-shelf automated avian radar tracking system,8,7
RVMN2QYC,An Updated Review of Hypotheses Regarding Bat Attraction to Wind Turbines,1,0
F9FTQXEG,Wind Energy Monitoring and Mitigation Technologies Tool,10,1
G6GAZE2S,Land-based wind energy guidelines,3,14
EGPN3EKV,Texturizing Wind Turbine Towers to Reduce Bat Mortality,1,0
XAP8RII2,An evaluation of bird and bat mortality at wind turbines in the Northeastern United States,1,8
2ZHJ7BL3,Seasonal patterns of bird and bat collision fatalities at wind turbines,1,0
L7LY56F7,Behavior of bats at wind turbines,1,0
3XS68WYJ,New Tool Protects Bats While Increasing Energy Production,7,0
N9WJUVCF,"The Prosecutor's Vulture: Inconsistent MBTA Prosecution, its Clash with Wind Farms, And How to Fix it",2,1
GJWTL4YU,Technology Development Priorities for Scientifically Robust and Operationally Compatible Wildlife Monitoring and Adaptive Management,6,13
47TIHD92,The Role of Regional Scale Weather Variables in Predicting Bat Mortality and Bat Acoustic Activity: Potential for Use in the Development of Smart Curtailment Algorithms,7,0
SQPBY34X,Activity patterns of bats during the fall and spring along ridgelines in the Central Appalachians,1,0
UFJDZYHA,Bat activity patterns relative to temporal and weather effects in a temperate coastal environment,1,0
E2Z258CS,Bat Fatalities at Wind Farms in Northern Spain — Lessons to be Learned,1,1
A9QZIV9B,Effectiveness of Changing Wind Turbine Cut-in Speed to Reduce Bat Fatalities at Wind Facilities,7,0
7B87E4QE,Bat activity during autumn relates to atmospheric conditions: implications for coastal wind energy development,1,0
2WKWYMC4,Factors affecting carcass detection at wind farms using dogs and human searchers,1,1
QF59C77S,Avian collision risk models for wind energy impact assessments,2,15
P54ZU9LB,Mitigating Bat Mortality with Turbine-Specific Curtailment Algorithms: A Model Based Approach,7,6
HL56CPLH,Assessing Impacts of Wind‐Energy Development on Nocturnally Active Birds and Bats: A Guidance Document,3,8
2I3U66B5,Using species distribution modelling to predict bat fatality risk at wind farms,1,1
H2KNQ8KZ,Developing and Evaluating a Smart Curtailment Strategy Integrated with a Wind Turbine Manufacturer Platform,7,0
HYCSI9YE,Curtailment as a successful method for reducing bat mortality at a southern Australian wind farm,7,1
M3NBGJJ8,Current State of Knowledge of Wind Energy Impacts on Bats in South Africa,1,2
UDJRJQW6,Scavenger removal: Bird and bat carcass persistence in a tropical wind farm,1,8
WL4ZMEJ2,Camera-Trapping Versus Conventional Methodology in the Assessment of Carcass Persistence for Fatality Estimation at Wind Farms,2,1
SZBGA3BA,Modeling carcass removal time for avian mortality assessment in wind farms using survival analysis,1,12
K3KBPCCA,Comparing bird and bat fatality‐rate estimates among North American wind‐energy projects,1,8
DJBD2TV2,Scavenger removal of bird carcasses at simulated wind turbines: Does carcass type matter?,1,12
BP4DB4QA,A review of searcher efficiency and carcass persistence in infrastructure-driven mortality assessment studies,1,8
C2VUSYJJ,Demographic and potential biological removal models identify raptor species sensitive to current and future wind energy,1,3
7WRUNVNI,A review of raptor carcass persistence trials and the practical implications for fatality estimation at wind farms,1,8
Y6C4C3KH,Developing an efficient protocol for monitoring eagle fatalities at wind energy facilities,1,8
TDCNF9AZ,Game birds do not surrogate for raptors in trials to calibrate observed raptor collision fatalities,1,8
N9UB2CCS,Ecological and methodological drivers of persistence and detection of bird fatalities at power lines: Insights from multi-project monitoring data,1,13
LFFBEQFU,Understanding bird collisions at wind farms: An updated review on the causes and possible mitigation strategies,2,1
N6HH8VQL,Causes of Bat Fatalities at Wind Turbines: Hypotheses and Predictions,1,0
34GYZT6W,fatalityCMR - Capture-Recapture Software for Correct Raw Counts of Wildlife Fatalities Using Trial Experiments for Carcass Detection Probability and Persistence Time,1,8
6GBIVQLC,Netherlands Institute for Fisheries Research,2,1
927V32JE,Whooper Swan Cygnus cygnus migration in relation to offshore wind farms,4,1
NTAT38KC,Offshore Observations of Eastern Red Bats (Lasiurus borealis) in the Mid-Atlantic United States Using Multiple Survey Methods,1,0
W8UZS83B,Collision mortalities at Horseshoe Shoal of bird species of special concern,1,1
93K3HQ45,Cetacean abundance and distribution in European Atlantic shelf waters to inform conservation and management,2,6
A7RJIPVQ,Adapting offshore wind power foundations to local environment,4,6
UEGHAXZM,Power from the Brave New Ocean,4,4
RBB6XU9C,Chapter 3. Underwater noise emission during the phase I construction of the C-Power wind farm and baseline for the Belwind wind farm,4,6
JIUBDS3K,The impacts of wind power on terrestrial mammals: a synthesis,4,7
63BLKD39,PREDICTION OF STRUCTURE BORNE NOISE RADIATION AND PROPAGATION FROM OFFSHORE IMPACT PILE DRIVING,4,6
JVFC38HR,Port of Ardersier Underwater Noise Assessment,4,6
DKPVFYE4,This report has been compiled by:,3,
A4M8CPTE,High Resolution Video Survey of Seabirds and Mammals in the Rhyl Flats Area,8,6
7MAEJEUV,"Albatross response to survey vessels: implications for studies of the distribution, abundance, and prey consumption of seabird populations",2,17
57AGF6L2,Dr. Sandra Parker-Stetter,,
ZNS6E3AJ,Marine renewable energy: potential benefits to biodiversity? An urgent call for research,4,4
B6GNQGY8,OPTIMIZING THE WIDTH OF STRIP TRANSECTS FOR SEABIRD SURVEYS FROM VESSELS OF OPPORTUNITY,2,17
RH7DCGPW,Bird Migration Studies and Potential Collision Risk with Offshore Wind Turbines,2,1
RRRDVA5X,"A western gray whale mitigation and monitoring program for a 3-D seismic survey, Sakhalin Island, Russia",4,19
KAQT2MZM,"Bird and Bat Fatality Studies: Fowler Ridge I Wind-Energy Facility, Benton County, Indiana",1,0
F4PRTAV7,"The Energy Footprint: How Oil, Natural Gas, and Wind Energy Affect Land for Biodiversity and the Flow of Ecosystem Services",5,3
FXSDZGUG,Statutory nature conservation agency protocol for minimising the risk of injury to marine mammals from piling noise,4,6
ELG6VJYB,"A bibliography of bat fatality, activity, and interactions with wind turbines",1,0
6V2HT5AT,Literature Synthesis for the North and Central Atlantic,11,20
9U82N9SK,Final report – Executive Summary,3,10
T72WBYIT,Predicting underwater radiated noise levels due to the first offshore wind turbine installation in the U.S.,4,1
YGI6A7NA,"CURRY & KERLINGER, LLC",3,
PGQM2BCE,"Ponnequin Wind Energy Project: Reference site avian study, January 1, 1998--December 31, 1998",3,8
CYD28V36,Wind Turbines and Birds A Background Review for Environmental Assessment,3,8
FECHVEQS,Developing guidance on ornithological cumulative impact assessment for offshore wind farm developers,2,1
KBIJCQPH,Spatio-Temporal Gap Analysis of OBIS-SEAMAP Project Data: Assessment and Way Forward,4,0
52CWXVRY,Impacts of the Explosive Removal of Offshore Petroleum  Platforms on Sea Turtles and Dolphins,4,0
GU6NGUL2,Base line studies North Sea wind farms: strategy of approach for flying birds,2,1
CMI7KN95,From Turbine to Wind Farms - Technical Requirements and Spin-Off Products,2,1
YKLV5KL6,"Offshore wind farms and birds: Round 3 zones, extensions to Round 1 & Round 2 sites & Scottish Territorial Waters",2,1
W5NLTFB4,Development of a New Underwater Piling Noise Mitigation System: Using Hydro Sound Dampers (HSD),4,6
VK6QWW73,Dynamic measurements of pile deflections as a source of underwater sound emissions during impact driving of offshore pile foundations,4,1
6V2MK36A,Effects BlackwellPublishingLtd of wind turbines on ﬂight behaviour of wintering common eiders: implications for habitat use and collision risk,2,15
QZUELSH6,Wind energy development and its environmental impact: A review,5,3
9MGM7C5M,Mitigation of low-frequency underwater anthropogenic noise using stationary encapsulated gas bubbles,4,0
JKW7SDTT,Experiences from Middelgrunden 40 MW Offshore Wind Farm,2,1
UWXTXEDV,Advances in impact assessment of offshore wind farms upon seabirds: insights from studies of terns (Sterna and Sternula spp.),2,1
FDVEK2ZF,SIMULATION-BASED IMPACT ASSESSMENT OF OFFSHORE WIND FARMS ON SEABIRDS,2,1
AHXPJI4V,"Environmental impact assessment of offshore wind farms <span style=""font-variant:small-caps;"">:</span> a simulation‐based approach",2,1
7BITPGFY,BIRDS AND WIND FARMS IN IRELAND: A REVIEW OF POTENTIAL ISSUES AND IMPACT ASSESSMENT,2,1
3B578N92,"Radio BlackwellPublishingLtd telemetry as a tool for impact assessment of wind farms: the case of Little Terns Sterna albifrons at Scroby Sands, Norfolk, UK",3,1
B99R8UZ8,"An appraisal of “A review of goose collisions at operating wind farms and estimation of the goose avoidance rate” by Fernley, J., Lowther, S. and Whitfield, P.",2,1
68LTSN7S,Renewable energy from the ocean,4,4
UTTUMY96,Radar monitoring of migrating pink‐footed geese: behavioural responses to offshore wind farm development,2,1
TPYKHXBV,"Changes in bird habitat utilisation around the Horns Rev 1 offshore wind farm, with particular emphasis on Common Scoter",2,6
J6NG86PJ,Impacts of wind farms on birds: a review,2,1
7CT6S2V6,Phase I Avian Risk Assessment,3,5
J37GXNMI,"Explosive Removal of Offshore Structures, Information Synthesis Report",11,
VZDE49TJ,A methodology for the measurement of radiated noise from marine piling,4,6
DUBEHB3L,Changes in Humpback Whale song occurrence in response to an acoustic source 200 km away,4,2
U8N9G6RG,Aquatic Acoustic Metrics Interface Utility for Underwater Sound Monitoring and Analysis,4,6
8K82IX38,Searchlight Wind Energy Project Bird and Bat Conservation Strategy,3,8
I8ZFAN9S,Guidelines for consideration of bats in wind farm projects,3,1
26JF75ST,Observations of seabirds at offshore wind turbines near Blyth in northeast England,2,13
VS8GNW7B,The effect of wind power on birds and bats – A synthesis,1,8
VJENLEFN,Harbour porpoises ( <i>Phocoena phocoena</i> ) and wind farms: a case study in the Dutch North Sea,2,1
VLF8SWII,Environmental impact of wind energy,5,2
4X3VJ5YI,Consolidating the State of Knowledge: A Synoptical Review of Wind Energy’s Wildlife Effects,5,3
9BMT44D7,An adaptive framework for selecting environmental monitoring protocols to support ocean renewable energy development,4,4
TM2A2XDL,"A quantitative, non-destructive methodology for habitat characterisation and benthic monitoring at offshore renewable energy developments",4,4
QPKG93WM,Understanding the potential for marine megafauna entanglement risk from marine renewable energy developments,4,4
ATF9HBU6,Assessment of Offshore Wind Energy Resources for the United States,2,1
GYM4YGCE,Determination of raptor migratory pathways over a large landscape,9,7
N5WDJAJ4,Development of a Cost Minimizing Strategy to Mitigate Bird Mortalities in a Wind Farm,2,1
VSCBQR6S,Overview of the U.S. department of energy/national renewable energy laboratory avian research program,5,7
6IAUJLP9,Status of Avian Research at the National Renewable Energy Laboratory,5,7
T5ETJE3C,Wintering Sea Duck Distribution Along the Atlantic Coast of the United States,2,13
YJ8J6B7A,Representing the acquisition and use of energy by individuals in agent‐based models of animal populations,1,3
YMMRLIIF,Developing Methods to Reduce Bird Mortality in the Altamont Pass Wind Resource Area,6,5
QD295S4C,Harnessing Wind Is Not (by Nature) Environmentally Friendly,5,2
XSMWR55S,Negative long term effects on harbour porpoises from a large scale offshore wind farm in the Baltic—evidence of slow recovery,2,1
DHQV6EBG,Preliminary Field Test Results of an Acoustic Deterrent with the Potential to Reduce Bat Mortality from Wind Turbines,1,0
NBWKHSK6,High Definition Imagery for Surveying Seabirds and Marine Mammals: A Review of Recent Trials and Development of Protocols,4,6
4HAIHJYF,Summary on seal monitoring 1999-2005 around Nysted and Horns Rev Offshore Wind Farms,2,6
FCCYKHUL,Summary on harbour porpoise monitoring 1999-2006 around Nysted and Horns Rev Offshore Wind Farms,2,6
SESXHSCK,Report to Congress on the Potential Environmental Effects of Marine and Hydrokinetic Energy Technologies,4,4
ERTWVFHQ,Effects of offshore wind farm noise on marine mammals and fish,4,1
FM74WLZD,Framework for assessing impacts of pile-driving noise from offshore wind farm construction on a harbour seal population,4,1
GWZ4IJG2,California Guidelines for Reducing Impacts to Birds and Bats from Wind Energy Development,3,8
ZGLJS5YL,Does the Wind Power Industry Threaten Marbled Murrelets or Do Marbled Murrelets Threaten the Wind Power Industry?,3,1
YNEJ6457,Potential Impacts of Ocean Energy Development on Marine Mammals in Oregon,4,6
R33698KE,Effects of pile-driving on harbour porpoises ( <i>Phocoena phocoena</i> ) at the first offshore wind farm in Germany,4,6
B3EZZDKS,Comparing the Invasibility of Experimental “Reefs” with Field Observations of Natural Reefs and Artificial Structures,4,7
2ZYJ4NCA,Koninklijk Nederlands Instituut voor Zeeonderzoek (NIOZ),,
WAKESENE,Avian collision risk at an offshore wind farm,2,1
UEASRUMT,Wind farm related mortality among avian migrants – a remote sensing study and model analysis,3,1
B2BVFG5Z,Remote techniques for counting and estimating the number of bird–wind turbine collisions at sea: a review,2,1
42CCQ64N,"TADS investigations of avian collision risk at Nysted offshore wind farm, autumn 2004",2,15
CJ5X5FX9,Post-Construction Monitoring Report for Avian and Bat Mortality at the NPPD Ainsworth Wind Farm,3,13
49BRSSK4,In Situ Mortality Experiments with Juvenile Sea Bass (Dicentrarchus labrax) in Relation to Impulsive Sound Levels Caused by Pile Driving of Windmill Foundations,4,6
T776EIV8,Studies on Nocturnal Flight Paths and Altitudes of Waterbirds in Relation to Wind Turbines: A Review of Current Research in The Netherlands,8,
BAIG6H4D,Danish offshore wind: key environmental issues,2,1
CIUYZAAV,"Methodologies for measuring and assessing potential changes in marine mammal behaviour, abundance or distribution arising from the construction, operation and decommissioning of offshore windfarms",2,6
EZEANUSY,Model-Based Estimation of Collision Risks of Predatory Birds with Wind Turbines,2,15
U5WJJBEY,Assessing the impacts of wind farms on birds,2,1
JQYHV2BW,Avian Hearing and the Avoidance of Wind Turbines,2,0
4W959L82,Bats and Wind Energy—A Literature Synthesis and Annotated Bibliography: Open-File Report 2012-1110,1,3
NTXV3U82,Impact Assessment (IA) of Wind Energy Projects utilizing Environment Canada (EC) guidelines,3,8
KFI6TUMN,Editor's choice: New research on wind farms,2,1
K6P2EM3N,A summary and comparison of bird mortality from anthropogenic causes with an emphasis on collisions,1,5
HCG5NFES,Collision risk and micro-avoidance rates of birds with wind turbines in Flanders,2,15
IJGW3M22,ECS SPECIAL PUBLICATION SERIES NO. 49 FEB 2008,1,
QMSV7YLL,Offshore wind farms and the environment: Danish experiences from Horns Rev and Nysted,2,6
D3FRACPW,Wind turbines and birds in Flanders (Belgium),,8
CCJUN94S,DESIGN AND INITIAL COMPONENT TESTS OF AN INTEGRATED AVIAN AND BAT COLLISION DETECTION SYSTEM FOR OFFSHORE WIND TURBINES,1,1
2RTMCTVJ,EXECUTIVE SUMMARY,3,
S6SYIFAW,Using standardised counting methods for ­seabirds to monitor marine mammals in the Dutch North Sea from fixed platforms,4,6
LQHNWFK3,Wildfowl 62,,
CUJN7A68,"ASSESSMENT OF BAT MORTALITY AND ACTIVITY AT BUFFALO MOUNTAIN WINDFARM, EASTERN TENNESSEE",3,0
RJ4LSFE7,Visual censuses around drifting fish aggregating devices (FADs): a new approach for assessing the diversity of fish in open-ocean waters,4,0
UETBN9SC,Assessing vulnerability of marine bird populations to offshore wind farms,2,1
8TVMCDQ3,Ecological Value Map (EVM),0,
SS23E9TJ,Information needs to support environmental impact assessment of the effects of European marine offshore wind farms on birds,2,1
BWKLIYIG,Monitoring bird migration with a fixed-beam radar and a thermal-imaging camera,8,7
PM2GN8LK,"Mitigation Measures for Wildlife in Wind Energy Development, Consolidating the State of Knowledge — Part 1: Planning and Siting, Construction",5,3
6IGJHXG8,Cumulative effects of anthropogenic activities on seabirds in the North Sea: Methodology and first results,2,1
K7YATZAI,Scaling possible adverse effects of marine wind farms on seabirds: developing and applying a vulnerability index,2,1
2BZ6FNWL,"Literature review on the potential effects of electromagnetic fields and subsea noise from marine renewable energy developments on Atlantic salmon, sea trout and European eel",4,4
AYCELTTU,Extreme endurance flights by landbirds crossing the Pacific Ocean: ecological corridor rather than barrier?,,17
UBT7WGLG,Offshore renewable energy: ecological implications of generating electricity in the coastal zone,4,4
XR223CLK,"EMF-sensitive fish response to EM emissions from sub-sea, electricity cables of the type used by the offshore renewable energy industry",4,4
K3UX2GB9,Eastern Canada Seabirds at Sea (ECSAS) standardized protocol for pelagic seabird surveys from moving and stationary platforms,2,17
72Z6W2BB,Seasonal distribution of harbour porpoises and possible interference of offshore wind farms in the German North Sea,2,1
ZVPGGJYL,Shortlist Masterplan Wind Aerial surveys of harbour porpoises on the Dutch Continental Shelf,2,6
SAB786HQ,Potential impacts of wave‐powered marine renewable energy installations on marine birds,4,4
UMX2D59J,Final Report: Coastal Ohio Wind Project for Reduced Barriers to Deployment of Offshore Wind Energy,3,10
TUD37T9K,"Behavior of the Hawaiian Hoary Bat (Lasiurus cinereus semotus) at Wind Turbines and its Distribution Across the North Ko‘olau Mountains, O‘ahu",1,0
QWSYUADQ,Assessment of the potential for acoustic deterrents to mitigate the impact on marine mammals of underwater noise arising from the construction of offshore windfarms,4,6
8RH9XJ5U,Behavior of Scandinavian Bats during Migration and Foraging at Sea,1,0
RKU32MGK,Bats and offshore wind turbines studied in southern Scandinavia,1,0
P3K5S7M3,Developing an automated risk management tool to minimize bird and bat mortality at wind,1,8
2KPJPJ3E,Spatial heterogeneity in habitat selection: Nest site selection by greater prairie‐chickens,9,3
27EWLYEG,Avian Monitoring and Risk Assessment at the San Gorgonio Wind Resource Area,3,5
9UDWFB5Y,Thinking globally and siting locally – renewable energy and biodiversity in a rapidly warming world,5,4
S8RBE3HF,Studying Wind Energy/Bird Interactions: A Guidance Document,5,3
AV8LCP93,Renewable energy resources and wildlife: impacts and opportunities,5,4
834DHFIU,"Mitigating, monitoring and assessing the effects of anthropogenic sound on beaked whales",4,6
PQ3LXXQY,Demonstrating a new framework for the comparison of environmental impacts from small- and large-scale hydropower and wind power projects,5,7
499SGCT2,Wind in our Sails: The Coming of Europe's Offshore Wind energy Industry,2,1
6QVN7XHZ,Using a collision risk model to assess bird collision risks for offshore windfarms,2,15
S2IN927T,Assessing environmental impacts of offshore wind farms: lessons learned and recommendations for the future,2,1
SVYPKUS4,Effects of an offshore wind farm on temporal and spatial patterns in the demersal fish community,2,1
Q7JD9T56,Effects of offshore wind farms on marine wildlife—a generalized impact assessment,4,1
DL3C5D2P,The effect of seismic airgun surveys on leatherback sea turtles (Dermochelys coriacea) during the nesting season.,4,0
JTBYP6AB,Online cetacean habitat modeling system for the US east coast and Gulf of Mexico,5,
BPUB8CP4,"Estimating bird and bat fatality at wind farms: a practical overview of estimators, their assumptions and limitations",1,0
U6HD5SM4,Dipl. Phys. Hermann Remmers,,
NUYPTGG2,Prioritizing Avian Species for Their Risk of Population-Level Consequences from Wind Energy Development,1,3
ZCKPNPXN,Platform Recruited Reef Fish Phase II: Do Platforms Provide Habitat that Increases the Survival of Reef Fishes?,4,0
4E2EWFAF,South Atlantic Information Resources:  Data Search and Literature Synthesis,11,20
2YW7N983,The Relative Vulnerability of Migratory Bird Species to Offshore Wind Energy Projects on the Atlantic Outer Continental Shelf: An Assessment Method and Database,2,6
M2DF9NVT,"Determining nocturnal locations, breeding ground locations, and genetic structure of long-tailed ducks wintering in Nantucket Sound",2,13
8BCF6SED,Evaluation of Lighting Schemes for Offshore Wind Facilities and Impacts to Local Environments,11,1
NGGIUWUF,Offshore Renewables Joint Industry Programme,2,1
G8UJQRUS,Responses of harbour porpoises to pile driving at the Horns Rev II offshore wind farm in the Danish North Sea,4,6
GHZA86XB,Mapping Seabird Sensitivity to Offshore Wind Farms,2,1
ZEUEEZ8N,Benthic communities on hard substrates of the offshore wind farm Egmond aan Zee (OWEZ),2,1
4GQXVIU4,"Biomass, Density, and Size Distributions of Fishes Associated with a Large-Scale Artificial Reef Complex in the Gulf of Mexico",4,0
AHYBYR9M,Common Sole Larvae Survive High Levels of Pile-Driving Sound in Controlled Exposure Experiments,4,6
C2U7C9PT,Chapter 9. Research strategy and equipment for studying flying birds in wind farms in the Belgian part of the North Sea,2,1
IZ6T7JT6,Nathusius’ pipistrelles (Pipistrellus nathusii) and other species of bats on offshore platforms in the Dutch sector of the North Sea,1,1
LG7LK587,A test for bias attributable to seabird avoidance of ships during surveys conducted in the tropical pacific,2,17
E7SUVKL6,"Wind energy development, prescrived fire and migratory land birds in the Southeastern United States: Breeding, stopover, and wintering habitat relationships",8,1
XCDD7IUL,Habitat preferences of harbour seals in the Dutch coastal area: analysis and estimate of effects of offshore wind farms,2,1
4ZZDUNQ8,Investigations into the effects of pile driving at the offshore wind farm Horns Rev II and the FINO III research platform,2,6
K2UUVIDY,and its application as a mitigation measure during offshore pile driving,4,6
N2ND8DSU,Aerial surveys of seabirds: the advent of digital methods,8,1
9G2HX9XN,The new noise mitigation system ‘Hydro Sound Dampers’: history of development with several hydro sound and vibration measurements,4,6
ZDBEFWJB,Hydro sound measurements during the installation of large diameter offshore piles using combinations of independent noise mitigation systems,4,6
LM6CGC5Q,Best Practice for Baseline Passive Acoustic Monitoring of Offshore Wind Energy Development,2,1
H9NMQHIW,Approaching population thresholds in presence of uncertainty: Assessing displacement of seabirds from offshore wind farms,2,1
VDLR7MU7,Biology & Video Surveys of North Hoyle Wind Turbines 11th – 13th August 2004,8,6
QES36YUT,"Recovery of Barotrauma Injuries in Chinook Salmon, Oncorhynchus tshawytscha from Exposure to Pile Driving Sound",4,6
CS5AQRI6,Impacts of offshore wind farm construction on harbour porpoises: acoustic monitoring of echolocation activity using porpoise detectors (T-PODs),2,1
36CKNF54,Visual and radar observations of birds in relation to collision risk at the Horns Rev offshore wind farm. Annual status report 2003,2,6
5ZXCQHG7,New approach for using remotely sensed chlorophyll a to identify seabird hotspots,,
JRJCR3VL,The effect of avoidance rates on bird mortality predictions made by wind turbine collision risk models,2,15
8E8BIQNY,Appraisal of Scottish Natural Heritage’s Wind Farm Collision Risk Model and its Application,2,15
67C3RAMD,Base-line investigations of birds in relation to an offshore wind farm at Horns Rev: results and conclusions 2000/200,2,6
E6GPWU7H,USFWS U.S. Fish and Wildlife Service - 2009 - Whooping Cranes and Wind Development - an Issue Paper.pdf,3,14
6XB8HJMB,Comprehensive Guide to Studying Wind Energy Wildlife Interactions,5,3
ZVLSPHX4,Bird Monitoring at Offshore Wind Farms in the Belgian Part of the North Sea,2,1
N35GNZZZ,Regional climate consequences of large-scale cool roof and photovoltaic array deployment,0,9
9QB47M5K,Potential Impacts of Energy Development on Shrublands in Western North America,5,3
IY6Z2SVD,Is there room for all of us? Renewable energy and Xerospermophilus mohavensis,5,4
H7VLPNPA,Energy sprawl Is the largest driver of land use change in United States,0,7
UUJCKAAY,Genetic identification of avian samples recovered from solar energy installations,1,4
UMBHKKGG,Native vegetation performance under a solar PV array at the National Wind Technology Center,0,10
6DPBVZ9H,"Wind, sun, and wildlife: do wind and solar energy development ‘short-circuit’ conservation in the western United States?",5,4
B4S6KLPY,Floating solar photovoltaic system,0,9
CTU5VDAL,Effects of two utility-scale solar energy plants on land-cover patterns using SMA of Thematic Mapper data,0,2
SP74JPT2,Mitigating avian collisions with power lines through illumination with ultraviolet light,2,13
SZG2S9JM,Existing evidence on the effects of photovoltaic panels on biodiversity: a systematic map with critical appraisal of study validity,4,12
9TSYQ26E,Potential for further reduction in the embodied carbon in pv solar energy systems,0,12
HQQNFVQG,Renewable energy and biodiversity: Implications for transitioning to a green economy,5,4
P8ADZILY,An overview of renewable energy and its effects on wildlife and the environment,5,4
45CWUJLA,"The land sparing, water surface use efficiency, and water surface transformation of floating photovoltaic solar energy installations",0,2
KWUF44JT,The economic and environmental performance of biomass as an “intermediate” resource for power production,1,2
2U9MHT49,Spatial demographic models to inform conservation planning of golden eagles in renewable energy landscapes,6,5
HZIK37ST,Landscape-scale wildlife species richness metrics to inform wind and solar energy facility siting: An Arizona case study,5,2
7X9N2VWB,Effects of fishery complementary photovoltaic power plant on near-surface meteorology and energy balance,0,12
FN285XNJ,A preliminary investigation of the effect of solar panels and rotation frequency on the grazing behavior of sheep (Ovis aries) grazing dormant pasture,0,11
D325CQEU,Regional differences in the spatial distribution and environmental consequences of PV farms in Southern Romania,0,2
N7UYZRLW,Impact of solar and wind development on conservation values in the Mojave Desert,0,4
8BQMQRF9,Harbour Porpoises on Horns Reef Effects of the Horns Reef Wind Farm,2,1
TKTRID38,Effects of Offshore Wind Farms on Birds,2,1
X6EKIC57,"Harbour seals at Horns Reef before, during and after construction of Horns Rev Offshore Wind Farm",2,6
5ZWYUVZ4,Abundance and density of lesser prairie-chickens and leks in Texas: Lesser Prairie-Chickens in Texas,9,3
7JUNU4IU,"Final results of bird studies at the offshore wind farms at Nysted and Horns Rev, Denmark",2,6
YUZZ9995,New achievements in underwater noise modelling for offshore pile driving,4,6
KB3VU25F,"Porpoises north of Sprogø before, during and after construction of an off- shore wind farm",2,1
8XVJZEE2,"Analysis of marine environmental monitoring plan data from the Robin Rigg Offshore Wind Farm, Scotland (Operation year 1): Executive summary & non-technical report",2,1
RWVE8E5B,Checked by: Version 1.1 Version 1.2,6,
29GFAWID,Short- and long-term effects of an offshore wind farm on three species of sandeel and their sand habitat,2,1
TTGAX9WS,Assessing the Underwater Acoustics of the World's Largest Vibration Hammer (OCTA-KONG) and Its Potential Effects on the Indo-Pacific Humpbacked Dolphin (Sousa chinensis),4,6
CZTMILQ7,REVISED BEST PRACTICE GUIDANCE FOR THE USE OF REMOTE TECHNIQUES FOR ORNITHOLOGICAL MONITORING AT OFFSHORE WINDFARMS,2,6
BCFRT72U,Hearing in fish and their reactions to sounds from offshore wind farms,4,1
6TSVVM9J,A review of the impacts of wind farms on Hen Harriers (Circus cyaneus) and an estimation of collision avoidance rates,2,1
VL7VM8KQ,Ecosystem service tradeoff analysis reveals the value of marine spatial planning for multiple ocean uses,2,1
B63Z5M5Z,A brief review of known effects of noise on marine mammals,4,6
7X5WZS7L,Evaluating the Effectiveness of Three Acoustic Monitoring Techniques for Landscape Level Bat Population monitoring,1,0
AAJT9SKU,EVALUATING PRE-CONSTRUCTION SAMPLING REGIMES FOR ASSESSING PATTERNS OF BAT ACTIVITY AT A WIND ENERGY DEVELOPMENT IN SOUTHERN CALIFORNIA,1,0
MIIMFYJK,"Marine renewable energy: a global review of the extent of marine renewable energy developments, the developing technologies and possible conservation implications for cetaceans",4,4
45WRAF3F,Establishing sustainable mortality limits within the Atlantic Flyway,11,
63B5YSKP,A comparison of underwater noise at two high energy sites,4,4
LFB4EGBS,The influence of offshore windpower on demersal fish,4,0
QR3VJWCE,Coastal and Offshore Wind Energy Generation: Is It Environmentally Benign?,2,1
MDZ8TXTK,PRE-WINDENERGY DEVELOPMENT ASSESSMENT OF THE AVIAN COMMUNITY IN THE CENTRAL TEXAS PANHANDLE,10,5
GLL5V3YL,Spatially explicit model of wintering common loons: conservation implications,,10
8EH9DSZY,Nearshore and Offshore Waters of Rhode Island,2,14
4AGVIX8I,Wind Vision: A New Era for Wind Power in the United States,2,7
AEIWANJF,Modeling with uncertain science: estimating mitigation credits from abating lead poisoning in Golden Eagles,6,5
6QRYQ796,AWWI technical report: A summary of bat fatality data in a nationwide database,1,14
RCSKFTYF,AWWI technical report: A summary of bird fatality data in a nationwide database,1,14
YI8SFICB,Automated monitoring for birds in flight: Proof of concept with eagles at a wind power facility,6,6
R3SWXJ64,2nd Edition: Summary of Bird Fatality Monitoring Data Contained in AWWIC,1,14
3NRVRAEJ,Wind Turbine Guidelines Advisory Committee Recommendations,3,0
DREXHBE6,Wind Turbine Interactions with Wildlife and Their Habitats A Summary of Research Results and Priority Questions,5,14
4KRNQN7J,Counterfactuals to Assess Effects to Species and Systems from Renewable Energy Development,5,4
7KHVW6AE,Avian issues for offshore wind development,2,1
XZGTHQEM,Estimating Wind Turbine-Caused Bird Mortality,1,8
SINRKWSG,Wildlife monitoring workshop results at the 14th Wind-Wildlife Research Meeting,5,13
766C335J,Assessing carcass relocation for offsetting golden eagle mortality at wind energy facilities,6,5
FQ45HB3R,"WIND POWER, WILDLIFE, AND THE MIGRATORY BIRD TREATY ACT: A WAY FORWARD",5,7
MLJJ9U8V,MODELLING OF PILE DRIVING NOISE BY MEANS OF WAVENUMBER INTEGRATION,4,6
BRW7TH9L,ON THE PREDICTION OF PILE DRIVING INDUCED UNDERWATER SOUND PRESSURE LEVELS OVER LONG RANGES,4,6
RM8SSIZJ,Short-term ecological effects of an offshore wind farm in the Dutch coastal zone; a compilation,2,1
69MK2QQI,Potential use of population viability analysis to assess the impact of offshore windfarms on bird populations,2,6
TPWW7X3G,Marine Scotland Science Report 04/14,4,
Q2YLA66T,A first estimate for Canada of the number of birds killed by colliding with building windows,1,5
37F5AYH7,"Is a German Harbour Porpoise much more sensitive than a British one? Comparative analyses of mandatory measures for the protection of Harbour Porposes (Phocoena phocoena) during Offshore Wind Farm ramming in Germany, Denmark and the UK",2,1
UBDF5QEH,Mapping Pelagic Bird Distribution and Abundance as a Decision- Making Tool for Offshore Wind Turbine Development and Conservation Planning,2,1
2CMLXHLG,Resolving issues with environmental impact assessment of marine renewable energy installations,4,4
IAZJLT5W,Environmental impact of wind energy,2,1
AXTD2YFM,Wind turbine underwater noise and marine mammals: implications of current knowledge and data needs,4,6
B4GCRFPF,Male sperm whale behaviour during exposures to distant seismic survey pulses,4,19
NFMGBYGY,Understanding bird collisions with man‐made objects: a sensory ecology approach,2,13
TAT5CYF5,Statistical modelling of bird and cetacean distributions in offshore renewables development areas:  Literature Review,2,1
S3JHN5X4,Marine Mammals and Noise: A Sound Approach to Research and Management,4,6
4T5CHEIU,A guide to state management of offshore wind energy in the Mid-Atlantic Region,3,3
G39IUVLP,Design and Implementation of an Underwater Sound Recording Device,4,6
4E6ES6Y5,Effects of Displacement from Marine Renewable Development on Seabirds Breeding at SPAs: A Proof of Concept Model of Common Guillemots Breeding on the Isle of May,2,4
2IUHTUZ7,Measurements of Construction Noise During Pile Driving of Offshore Research Platforms and Wind Farms,4,6
KT9EA7S6,Modelling of subsea noise during the proposed piling operations at the Dudgeon Wind Farm,4,1
BGS8FP5Q,Barriers to movement: impacts of wind farms on migrating birds,2,1
SQ2S4X3A,"Regulating Avian Impacts under the MIgratory Bird Treaty Act and other laws: the wind industry collides with one of its own, the environmental protection movement",3,7
J9EMCU8X,Two-dimensional thermal video analysis of offshore bird and bat flight,8,8
SVL5S256,How do diurnal long-distance migrants select flight altitude in relation to wind?,6,0
5L5NPLWI,Experimental Evidence for the Effect of Small Wind Turbine Proximity and Operation on Bird and Bat Activity,1,8
D5MQAPW2,Full Scale Trial of High Definition Video Survey for Offshore Windfarm Sites,8,6
PSKRTA9Q,Ecological Research on Offshore Wind Farms: International Exchange of Experiences,2,1
J78D78XG,"The effects of aero-generators on moorland bird populations in the Orkney Islands, Scotland",4,4
4TFKT7XP,Development of a practical modeling framework for estimating the impact of wind technology on bird populations,10,4
TYRUP4DI,Atlas of Key Sites for Anatidae in the East Asian Flyway,11,
V3RIDXLC,Bird movements and behaviors in the Gulf Coast region: Relation to potential wind-energy developments,5,3
A3XDEN4B,Utilization Probability Map for Migrating Bald Eagles in Northeastern North America: A Tool for Siting Wind Energy Facilities and Other Flight Hazards,6,5
KGK4946K,Measurement and interpretation of underwater noise during construction and operation of offshore windfarms in UK waters,4,6
P3728TEH,Analysis of Offshore Wind Energy Leasing Areas for the Rhode Island/Massachusetts Wind Energy Area,2,3
KR8EA47K,Modelling the biological significance of behavioural change in coastal bottlenose dolphins in response to disturbance,,3
RJYNWB63,Guidelines for Conducting Bird and Bat Studies at Commercial Wind Energy Projects,3,8
NZGYLR7W,Development of a generic framework for informing Cumulative Impact Assessments (CIA) related to Marine Protected Areas through evaluation of best practice,2,1
6BIAS25N,Bird casualties caused by a wind energy project in an estuary,3,8
KFQNI7VU,Effects on birds of an offshore wind park at Horns Rev: Environmental impact assessment,2,6
ZLZ4XWHL,A review of possible marine renewable energy development projects and their natural heritage impacts from a Scottish perspective,4,1
CXWAUI2X,Assessment of wind‐farm and other bird casualties from carcasses found on a Northumbrian beach over an 11‐year period,1,1
NDBADJWV,Differentiating between Underwater Construction Noise of Monopile and Jacket Foundations for Offshore Windmills: A Case Study from the Belgian Part of the North Sea,4,6
639FIJCK,COWRIE workshop on the cumulative impact of offshore windfarms on birds,2,6
IUHPBK9F,On-Shore Bird and Bat Pre- and Post-Construction Monitoring Protocol for Commercial Wind Energy Facilities in Ohio,3,13
X4IJEUMT,Offshore Wind Collaborative Organizing Group,2,1
4GEYLKHB,Collision Course: The Hazards of Lighted Structures and Windows to Migrating Birds,11,7
8LE5JTYR,Final Report: Coastal Ohio Wind Project,3,10
XNX24GPM,Greater impacts of wind farms on bird populations during construction than subsequent operation: results of a multi‐site and multi‐species analysis,2,1
DRAPBQ6J,Birds and bird habitats: guidelines for wind power projects,3,7
68MZD6YZ,Global assessment of solar park impacts on ecosystem services - IOPscience,0,9
PAR6NB4I,Impacts of photovoltaic solar energy on soil carbon: A global systematic review and framework,0,2
HV3MW3S7,Impacts of photovoltaic solar energy on soil carbon: A global systematic review and framework,0,2
8CCD7J5A,Siting solar energy development to minimize biological impacts,0,4
V8GB8Z5R,Generalist dispersal and gene flow of an endangered keystone specialist (Dipodomys ingens),0,2
K8ESH5B7,Connectivity of Mojave Desert Tortoise Populations: Management Implications for Maintaining a Viable Recovery Network,0,2
SMJ9WT2V,Two Dimensional Modeling to Simulate Stormwater Flows at Photovoltaic Solar Energy Sites,0,11
NJ4DR3B6,"Solar Energy in the United States: Development, Challenges and Future Prospects",0,2
BGTEW5FT,The Local Climate Impact of Photovoltaic Solar Farms - Results from a Field Observation Compaign in Gobi Desert,0,11
5V7QB62G,Ecovoltaics: Maintaining Native Plants and Wash Connectivity inside a Mojave Desert Solar Facility Leads to Favorable Growing Conditions,0,2
XM5IHDMQ,Developing and Implementing a Decision Support System-Integrated Framework for Evaluating Solar Park Effects on Water-Related Ecosystem Services,0,9
3J682DEH,Solar siting survey final report,3,10
TGS9RU6V,Redeveloping brownfields with solar: challenges and opportunities,0,3
BTS9QA8L,Biodiversity Guidance for Solar Developments,0,2
UPNWPKLQ,Solar farm management influences breeding bird responses in an arable-dominated landscape,0,11
5Y2RRF9I,Making solar wildlife-friendly,0,2
6QD3SG57,Solar impacts on wildlife and ecosystems: request for information response summary,5,3
ILN6R5TD,Review of avian mortality studies at concentrating solar power plants,0,12
L5JQUNX7,"Effects of solar park construction and solar panels on soil quality, microclimate, <span style=""font-variant:small-caps;""> CO<sub>2</sub> </span> effluxes, and vegetation under a Mediterranean climate",0,9
J9DHRUP5,Solar park promoted microbial nitrogen and phosphorus cycle potentials but reduced soil prokaryotic diversity and network stability in alpine desert ecosystem,0,9
2HHXBU5R,Geospatial optimization of siting large-scale solar projects,0,2
CDTW26Z5,"Solar energy development and endangered species in the San Joaquin Valley, California: identification conflict zones",0,2
C5DU22ML,Effects of photovoltaic power station construction on terrestrial ecosystems: A meta-analysis,0,12
MK5F9WBY,Wetland and aquatic resources delineation report clean energy collective-yorktown a solar project,0,2
XTJLM43I,Visual impacts of utility-scale solar energy facilities on southwestern desert landscapes submitted by,0,2
D7BMZEBD,Why does the pv solar power plant operate ineffectively?,0,12
Z29ZCTS9,Water use and supply concerns for utility-scale solar projects in the Southwestern United States.,0,2
SCJUQPF8,Vegetation Management Cost and Maintenance Implications of Different Ground Covers at Utility-Scale Solar Sites,0,2
4VVX4T79,Utility‐scale solar in the great lakes: Analyzing community reactions to solar developments,0,2
9K3XSPP8,Towards a standardized protocol to assess natural capital and ecosystem services in solar parks,0,9
NW9ECQGJ,The future scope of large-scale solar in the UK: Site suitability and target analysis,0,11
Y729GRW5,The development of utility-scale solar projects on US agricultural land: opportunities and obstacles,0,2
HMKISN7H,The potential land requirements and related land use change emissions of solar energy,0,2
WQUSR59N,The potential for community solar in Connecticut: a geospatial analysis of solar canopy siting on parking lots,0,4
VLPVG9CF,"The impact of South Africa's largest photovoltaic solar energy facility on birds in the Northern Cape, South Africa Solar energy in the spotlight",1,2
GJIWL7H4,"The agricultural, economic and environmental potential of co-locating utility scale solar with grazing sheep",0,2
JLII96G5,Solar farms & agriculture-mutually beneficial or problematic?,0,11
K3LQLABC,Solar energy development on the federal public lands: Environmental trade-offs on the road to a lower-carbon future,0,2
MG9Q239S,"Solar energy development and endangered species in the San Joaquin Valley, California: Identification of Conflict Zone",0,2
8ZSKPLSS,Restoring abandoned farmland to mitigate climate change on a full earth,5,4
9GYUCLZK,Solar energy development and the biosphere,0,2
YUX2HND7,Socio-Economic and Environmental Impacts of Silicon Based Photovoltaic (PV) Technologies,0,2
X9IDRAVC,"Siting solar power on agricultural lands in Michigan developing utility-scale solar power in Michigan at the agriculture-energy nexus stakeholder perspectives, pollinator habitat and trade-offs",0,2
JH89A65L,Siting of utility-scale solar in North Carolina,0,2
8Y5FM553,Role of solar-based renewable energy in mitigating CO2 emissions: evidence from quantile-on-quantile estimation,0,2
Y43HD4SD,RENEWed airports-transforming Brownfield to solar using multi-task deep learning on satellite images SpotholeAI view project RENEWed airports-transforming Brownfield to solar using multi-task deep learning on satellite images,10,2
8FHV2DMI,Remote sensing of the environmental impacts of utility-scale solar energy plants,0,2
F8NYXX3L,Potential for sustainable use of trees in hot arid regions: a case study of Emirati neighborhoods in Abu Dhabi,0,6
4PD9VJAE,Remotely sensed spatial structure as an indicator of internal changes of vegetation communities in desert landscapes,0,2
549UN74G,Rehabilitation techniques to address frost effects on pile foundations of solar power generation facilities in North America,0,11
G9EUZ2MM,Regulating utility-scale solar projects on agricultural land,0,2
RW82E6LW,"Potential impacts of solar arrays on highway environment, safety and operations",0,9
FQYLDU2C,Performance evaluation of two similar 100MW solar pv plants located in environmentally homogeneous conditions,0,12
F49EBKVS,"Independent verification survey report for The Long Island Solar Farm Brookhaven National laboratory Upton, New York",3,11
5MFXUGW7,"Impact of water use by utility-scale solar on groundwater resources of the Chuckwalla Basin, CA: final modeling report",,2
6EVF8EZU,"ORNI 43 LLC, Ormat Tungsten Mountain solar project",3,2
BFLS4J7Q,Optimisation of vertically mounted agrivoltaic systems,0,9
36CAVQWM,Is floating photovoltaic better than conventional photovoltaic? Assessing environmental impacts,0,2
22PXKAKV,Intensive survey of the proposed Aragorn solar farm on intensive survey of the proposed Aragorn solar farm on university lands,0,11
BUWITB35,Impacts of large-scale sahara solar farms on global climate and vegetation cover,0,11
UIR977AT,Identifying the roots of green civil war over utility-scale solar energy projects on public lands across the American Southwest,0,2
WIWJ3TE8,Floating photovoltaic systems: assessing the technical potential of photovoltaic systems on man-made water bodies in the continental United States,0,2
2E2XMQ5F,Frontiers in multi-benefit value stacking for solar development on working lands,0,2
72M6GSA3,Floating solar: an emerging opportunity at the energy-water nexus,0,9
5AJPKKB8,Floating pv solar-powered systems: design applied to an irrigators community in the Valencia Region – Spain,0,12
7KNEBDIS,"Final environmental assessment West Tennessee solar farm project Haywood County, Tennessee",3,11
DHU42W54,Exploring farming and solar synergies an analysis using Maryland data,0,6
GZHWVXXD,Evaluating the potential impacts of solar farms on hydrological responses,0,11
ZPLYUMUQ,Dual use solar surfaces for local grids and net zero development,0,12
RLBIHFA6,Dealing with uncertainties: floating solar farm in natural lakes,0,11
7YELDB6I,Carbon footprint study on renewable power plants: case study on Egypt's Benban solar park,0,12
JPXVJ9HB,Assessing the consistency of estimated ground cover fractions between the BLM AIM method and optical remote sensing method,0,2
K2ZPG6VI,Assessing technical options for handling packaging wastes from construction of a solar pv powerstation: a case study from a remote site,3,2
CBK8GEBQ,Aquavoltaics: synergies for dual use of water area for solar photovoltaic electricity generation and aquaculture,0,11
V9JG35TJ,Aquaculture in the Delta21 Energy storage lake,0,4
CUA5MJ5E,Can we have clean energy and grow our crops too? Solar siting on agricultural land in the United States,0,2
XHEAMV6E,Applying ecological succession theory to birds in solar parks: an approach to address protection and planning,0,9
MZDZI837,An assessment of the potential for utility-scale solar energy development on the Navajo Nation,0,2
XNMI85EB,Analysis of grid disturbances caused by massive integration of utility level solar power systems,0,2
4CRQJCTR,An integrated decision-making model for the location of a pv solar plant,0,4
6VBV5W78,Alternative water resources for utility-scale solar energy development,0,2
SZZEED8R,A global inventory of photovoltaic solar energy generating units,0,2
FQULWPV3,A combined shading and radiation simulation tool for defining agrivoltaic systems,0,11
57QBZM57,Of Mojave milkweed and mirrors: The population genomic structure of a species impacted by solar energy development,0,2
HAR3VX33,"Utility-scale solar energy facilities, Flordia Panther habitat connectivity, and disperal corridors",0,2
TBSLGX9E,Life cycle assessment of pasture-based agrivoltaic systems: Emissions and energy use of integrated rabbit production,0,3
AFCFDEVP,Standardized metrics to quantify solar energy-land relationships: A global systematic review,0,2
DNKZAHWA,"How ‘green energy’ is threatening biodiversity, human health, and environmental justice: An example from the Mojave Desert, California",0,4
WH769CCF,Developing conservoltaic systems to support biodiversity on solar farms,5,4
JHY8DT3U,The Impacts of Climate and Land Use Change on Mojave Desert Tortoise (Gopherus agassizii) Habitat Suitability and Landscape Genetic Connectivity,0,2
XYYYCVM3,Global status of recycling waste solar panels: A review,0,9
XELPMSNC,On-site floral resources and surrounding landscape characteristics impact pollinator biodiversity at solar parks,0,9
953HXKCD,Pb-Based Perovskite Solar Cells and the Underlying Pollution behind Clean Energy: Dynamic Leaching of Toxic Substances from Discarded Perovskite Solar Cells,0,4
DXC7Q42P,What next? Some practical suggestions for future studies on fence ecology,,18
BXGBNPAZ,Solar photovoltaic program helps turn deserts green in China: Evidence from satellite monitoring,0,12
H5K5RRJE,Optimizing Land Use for Ecosystem Services and Solar Power in Michigan: Final Report,0,10
Y5WIFNXE,Soil-Site Management Protocols & Best Management Practices (BMPs) for Utility Scale Solar Site (USS) Development and Management in Virginia,0,2
BQFD4AVN,Ecological and human health risk assessment of metals leached from end-of-life solar photovoltaics,0,4
2HILXN43,Solar photovoltaic energy development and biodiversity conservation: Current knowledge and research gaps,5,
LATJTBJQ,Agrivoltaic system success: A review of parameters that matter,0,3
6BVCA7MC,Rethinking agrivoltaic incentive programs: A science-based approach to encourage practical design solutions,0,11
69B3WCXF,Snow leopards or solar parks? Reconciling wildlife conservation and green energy development in the high Himalaya,0,9
GW3W8NPE,"Post-Construction Monitoring at the Blythe Solar Power Project Final, Riverside, California - Final 2016 Fall Quarterly Interim Report",3,13
8Q8PMGS3,The effect of the accumulation of heavy metals in soil on the growth of vegetation in the Long Island Solar Farm,0,11
9FZCX33A,Tracking microhabitat temperature variation with iButton data loggers,0,0
UA5LI7KF,How to save the tortoises: Incorporating wildlife concerns in siting of the utility-scale solar farms,0,2
BLN9YUVR,Challenges creating monarch butterfly management strategies for electric power companies in the United States,,10
EX8ZF3WZ,Vegetation management utilizing sheep grazing within utility-scale solar: Agro-ecological insights and existing knowledge gaps in the United States,0,2
QFH5HQWC,Solar development on contaminated and disturbed lands,0,2
M2H2JW2C,Global insights on the impact of solar power plants on bird populations,0,12
A5XJNWBP,Review of unmanned ground vehicles for PV plant inspection,,11
NU2Z44YU,The effect of space utilization under the ground-mounted solar farm on power generation,0,11
PYCA2HBQ,"Evaluation of land, soil, water, and vegetation-related ecosystem services and tradeoffs at utility-scale solar photovoltaic facilities",0,2
TVJEZD3S,A national strategy for the co-location of solar and agriculture - native pollinator habitat establishment on solar farms in the United States - a multifaceted guide to best sustainable practices,0,11
SCKLM9SU,A SWOT analysis of utility-scale solar in Myanmar,0,2
IELX2VTV,Agricultural integration plan: managed sheep grazing & beekeeping,0,2
U7NTQDL8,Solar Futures Study,0,18
WZEBM49N,Aramis solar energy generation and storage project - Biological Resources,0,2
9KDIG7UL,"Capital costs for dual-use photovoltaic installations: 2020 benchmark for ground-mounted pv systems with pollinator-friendly vegetation, grazing, and crops",0,12
WM8WMHHF,Conceptual design and rationale for a new agrivoltaics concept: pasture-raised rabbits and solar farming,0,11
ZTKXGMDX,Blythe Mesa Solar Project final environmental impact report/environmental assessment,3,2
R7RYYYY7,"Brownfield to brightfield initiative in Oak Ridge, TN-12346",3,7
MC5CQ5YQ,Brownfields to brightfields: A sustainability initiative at DOE'S East Tennessee Technology Park Cleanup,3,2
K354C37P,Building a solar farm on a rolling landscape: a case study,0,11
VFNF6EIG,Impacts of photovoltaic farms on the environment in the Romanian Plain,0,2
89UVFAJG,Characterizing the ecological impacts of utility-scale solar energy (USSE) on fallowed farmland,0,2
S3GPHWF2,Development of a Solar Park Carbon Calculator (SPCC) to assist deployment decisions,0,9
8EB59B49,Effects of solar arrays on Southwestern desert thermal landscapes: consequences for terrestrial ectotherms,0,9
ARYDPBRX,Floating solar park impacts urban land surface temperature distribution pattern,0,9
V2BDXZFW,Ecological research on the impacts of large-scale solar facilities,0,2
GQAY5ADI,Effects of utility-scale solar developments on the Gopherus agassizii,0,2
NSRWUA9X,Soil properties changes after seven years of ground mounted photovoltaic panels in Central Italy coastal area,0,2
QNCV8GTT,Influence of the solar power plant on the diversity of mammals: A case study in Northeastern Brazil,0,12
5R9A46DW,A standardised approach to monitoring biodiversity on solar farms,0,11
5H7UN5VM,Promoting pollinators on solar farms,0,11
3NT9FWSM,Promoting sustainable solar-energy development in harmony with global threatened bird ranges,0,2
L3VUXPP8,Assessing the Impact of Solar Farms on Waterbirds: A Literature Review of Ecological Interactions and Habitat Alterations,0,11
JZZWQDFY,Network science can improve the sustainable development of solar energy,0,2
S772VHXM,The observed effects of utility-scale photovoltaics on near-surface air temperature and energy balance,0,12
7C5VRZ24,Ecologically informed solar enables a sustainable energy transition in US croplands,0,9
RHGVHMUG,Natural capital best practice guidance: Increasing biodiversity at all stages of a solar farms lifecycle,0,11
263XC7LZ,Plant and soil responses to ground-mounted solar panels in temperate agricultural systems,0,9
TXYWNH2I,Shedding light on land use change for solar farms,0,11
DVY5QLDI,Creating wildlife habitat using artificial structures: a review of their efficacy and potential use in solar farms,0,11
MIX9WJQX,Enhancing soil carbon in solar farms through active land management: a systematic review of the available evidence,0,11
4J8TIFPX,"Observed surface radiation and temperature impacts from the large-scale deployment of photovoltaics in the barren area of Gonghe, China",0,2
3AYDHNDC,Increased bird diversity around small-scale solar energy plants in agricultural landscape,0,0
KUGQV4E3,A new predictive model for the design and evaluation of bifacial photovoltaic plants under the influence of vegetation soils,0,9
FGJFQTE6,Stormwater runoff calculator for evaluation of low impact development practices at ground-mounted solar photovoltaic farms,0,11
WZFWLBIB,Mixed responses of tenebrionid beetles to solar energy development in the Mojave Desert,0,2
NPWN5E6N,Effects of solar energy development on ants in the Mojave Desert,0,2
HZR5QAR3,Her majesty’s desert throne: the ecology of queen butterfly oviposition on Mojave Milkweed host plants,0,2
U5VP9ZG3,Dual use of solar power plants as biocrust nurseries for large-scale arid soil restoration,0,12
9UGSJ6P2,Aligning floating photovoltaic solar energy expansion with waterbird conservation,0,2
MKZFQVKV,Grassland carbon-water cycling is minimally impacted by a photovoltaic array,0,9
NV7ZJQJ9,"Predicting the effects of solar energy development on plants and wildlife in the Desert Southwest, United States",0,2
I4TV6INM,"Short‐term ecological effects of solar energy development depend on plant community, soil type and disturbance intensity",0,2
2NIJDQXK,Modelling stormwater runoff changes induced by ground-mounted photovoltaic solar parks: A conceptualization in EPA-SWMM,0,9
K9WDIQMM,Ecovoltaics in an increasingly water-limited world: An ecological perspective,0,9
A3BQ3SFR,The 5 Cs of agrivoltaic success factors in the United States: lessons from the InSPIRE research study,0,7
BQHGIK7Z,Little prairie under the panel: Testing native pollinator habitat seed mix establishment at three utility-scale solar sites in Minnesota,0,2
J9YT2BD3,Can solar farms deliver significant benefits for biodiversity? Preliminary study July-August 2013,0,11
YAAT8BPP,Effects of solar panels and management on pollinators and their interactions with plants in Southern French solar parks,0,9
BL4BIPW3,Can grasslands in photovoltaic parks play a role in conserving soil arthropod biodiversity?,0,9
63NFZMC7,Unfounded concerns about photovoltaic module toxicity and waste are slowing decarbonization,,9
62HSSLUL,Managing potential environmental and human health risks of lead halide perovskite photovoltaic modules,0,4
XGN9SISM,Big game guidelines for utility-scale photovoltaic solar development,0,2
IQ32V65Y,Planning ground based utility scale solar energy as green infrastructure to enhance ecosystem services,0,9
53PRXMW9,The Influence of Solar Power Plants on Microclimatic Conditions and the Biotic Community in Chilean Desert Environments,0,12
8LAX8GZM,Solar parks - opportunities for biodiversity: a report on biodiversity in and around ground-mounted photovoltaic plants,0,9
QFLMFG2T,"Dust storms ahead: climate change, green energy development and endangered species in the Mojave Desert",0,4
FEI3P9ZU,"Ecovoltaic principles for a more sustainable, ecologically informed solar energy future",0,9
5LVN9ENM,Environmental and health risks of perovskite solar modules: case for better test standards and risk mitigation solutions,0,4
Q7C5LFZQ,Fire hazard associated with different types of photovoltaic power plants: Effect of vegetation management,0,12
44DSTT6A,Ecohydrological insight: Solar farms facilitate carbon sink enhancement in drylands,0,11
R3EG3VG4,Quantifying soil moisture and evapotranspiration heterogeneity within a solar farm: Implications for stormwater management,0,11
KC63AV7F,Modeling the ecosystem services of native vegetation management practices at solar energy facilities in the Midwestern United States,0,9
SFHCIVRA,Ecohydrological effects of photovoltaic solar farms on soil microclimates and moisture regimes in arid Northwest China: a modeling study,0,11
L33CZ926,Impacts of solar energy development on breeding birds in desert grasslands in South Central New Mexico,0,2
P74A2PBE,Environmental impacts from the installation and operation of large-scale solar power plants,0,12
D26ZIQ3J,Mapping species of greatest conservation need and solar energy potential in the arid Southwest for future sustainable development,0,2
LKGCIIAP,Ignoring the effects of photovoltaic array deployment on greenhouse gas emissions may lead to overestimation of the contribution of photovoltaic power generation to greenhouse gas reduction,0,12
BAJE38M3,Ecological synergy of solar development on the Qinghai-Tibet Plateau: A decade of ecosystem service change assessment at Talatan solar park,0,11
TZSDSSDZ,Agrivoltaics provide mutual benefits across the food–energy–water nexus in drylands,0,11
TWEP6NRP,Global assessment of solar park impacts on ecosystem services,0,9
QUGFVEBB,"The greater the tilt, the taller the nest? The effect of solar array type on bird nest architecture and nest microclimate",9,9
FEJ8EMXH,Assessing the Effects of Photovoltaic Powerplants on Surface Temperature Using Remote Sensing Techniques,0,11
96P52GWH,Ungulate use before and after utility-scale solar development,0,2
BUYYDS3E,Synergies and trade-offs of multi-use solar landscapes,0,11
BC3XSDK5,All that glitters – Review of solar facility impacts on fauna,0,2
PB7FCHT8,Solar Farms as Potential Future Refuges for Bumblebees,0,11
YKNN4EUJ,Ecovoltaics: Framework and future research directions to reconcile land-based solar power development with ecosystem conservation,0,9
JKPNG7PA,A stitch in time: integrating energy infrastructure into the fabric of conservation habitats,0,8
95UIC2ZU,Large scale utility solar installation in the USA: Environmental impact and job creation,0,2
7AU5N8AQ,"Variation in estimates of the footprint of large, ground-mounted photovoltaic solar energy in the United States and its associated land-cover change across three datasets",0,2
6UPT65I7,Bee-Friendly Native Seed Mixtures for the Greening of Solar Parks,0,9
25RRU8UJ,Per- and polyfluoroalkyl substances (PFAS) in solar photovoltaic modules,0,4
BPVU66CX,Global land and solar energy relationships for sustainability,0,2
VR3BFFHL,Solar Powered Conservation: The Effects of Solar Photovoltaic Facilities on Avian Community Composition,0,2
ZPZXH32B,Sustainability trade-offs across modeled floating solar waterscapes of the Northeastern United States,0,9
6XZIIR8F,Elucidating the spatial heterogeneity and its driver factors of land surface temperature responses to solar farm development in China,0,11
2MFRDA32,Desert Annual Plant Responses to Panel Microsites in a Low-Impact Utility-Scale Solar Energy Facility,0,2
PTVH2YSS,Rare milkvetch (Astragalus) persistence at a utility-scale solar energy facility in the Mojave Desert,0,2
L5YD2BZU,Winners and losers of desert green energy,0,12
DFBPUDD2,"Artificial intelligence-assisted daytime video monitoring for bird, insect, and other wildlife interactions with photovoltaic solar energy facilities",8,3
QY64SJK3,Desert Annual Plant Responses to Panel Microsites in a Low‐Impact Utility‐Scale Solar Energy Facility,0,2
69QLEWYP,Raptors Using a Solar Photovoltaic Facility in Southern Spain,9,2
IAU34WDI,Biodiversity impacts of ground-based industrial scale solar power plants in Finland,0,12
XNYBBCUH,Lake effect or data mirage? How accounting for technology differences at utility scale solar energy facilities can change data interpretation,0,2
FSAK5IVR,Ecovoltaic solar energy development can promote grassland bird communities,0,2
UYZ89TKE,Bat activity at ecovoltaic solar energy developments in the Midwestern United States,1,0
QG6DL73A,On the coexistence of solar-energy conversion and plant cultivation,,2
28VNZ48M,Bibliographic synthesis of biodiversity-relevant criteria for solar energy siting,0,2
JBHDYRX5,"Community benefit agreements for solar energy: Examining values, preferences and perceived benefits in the United States using a discrete choice experiment",0,2
2X9LG42B,Consumer Preferences for Solar Energy: A Choice Experiment Study,0,2
XZC9K2L4,Utility-scale solar and public attitudes toward siting: A critical examination of proximity,10,2
KF4UWYLZ,Does city or state make a difference? The effects of policy framing on public attitude toward a solar energy program,0,2
XTSXE86E,Local acceptance of solar farms: The impact of energy narratives,0,11
NR7GHNWF,"Integrating solar energy with agriculture: Industry perspectives on the market, community, and socio-political dimensions of agrivoltaics",0,2
IEPDC3K8,Are big and small solar separate things?: The importance of scale in public support for solar energy development in upstate New York,0,2
ELKCJKJQ,The heterogeneous preferences for solar energy policies among US households,0,2
FLQZXVG5,Support for solar energy: Examining sense of place and utility-scale development in California,0,2
ZS29RJPB,Public attitudes regarding large-scale solar energy development in the U.S.,10,2
YTGRSYXH,"A meta-analysis of residential PV adoption: the important role of perceived benefits, intentions and antecedents in solar energy acceptance",0,2
XEA9528R,Public perceptions and information gaps in solar energy in Texas,10,4
HR4KBIQ7,Pollinator habitat in solar facilities has potential to support high diversity of bee species,0,2
PGBHYXM5,What do video recordings tell us about bird interactions with PV solar facilities?,8,2
7RTF88M6,Solar-Wildlife Webinar #1 Using Modeling to Understand the Cohabitation of Desert Tortoise and Solar,13,2
7CEELFN3,Proceedings of the 1st Solar Power & Wildlife/Natural Resource Symposium,0,2
ZL6GXGHK,Proceedings of the 2nd Solar Power and Wildlife/Natural Resource Symposium,0,2
DYZ8LQCP,Solar photovoltaic panels significantly promote vegetation recovery by modifying the soil surface microhabitats in an arid sandy ecosystem,0,12
YXFL3ABM,Solar arrays create novel environments that uniquely alter plant responses,0,9
VPLS9GCK,Myotis lucifugus (amended version of 2018 assessment),6,16
K3TE46PW,Solar Futures Study,0,18
A9H76YM4,Communication framework for solar energy project proponents and state fish and wildlife agencies,3,8
G2W2223J,Technology on the Move: Recent and Forthcoming Innovations for Tracking Migratory Birds,8,3
N9CPD5W3,Potential benefits and risks of solar photovoltaic power plants on arid and semi-arid ecosystems: An assessment of soil microbial and plant communities,0,12
KADIQT5Q,A tale of two cervids: Habitat selection and spatial ecology of roosevelt and tule elk in California,3,3
8N27ZWPI,Simulated solar panels create altered microhabitats in desert landforms,0,2
SGFFCVKF,"Photovoltaic solar farms in California: can we have renewable electricity and our species, too?",0,5
RJS8MDI2,Can solar energy fuel pollinator conservation?,0,2
6U464ZSU,Assessing the impact of a utility scale solar photovoltaic facility on a down gradient Mojave Desert ecosystem,0,2
U42GNCAP,A review of research on agrivoltaic systems,0,12
J3MTUWLQ,Trade-offs between utility-scale solar development and ungulates on western rangelands,0,2
H8H6KPRG,Best practices in responsible land use for improving biodiversity at a utility-scale solar facility,0,2
CULG4NVT,Simulated photovoltaic solar panels alter the seed bank survival of two desert annual plant species,0,2
HH3G5SRY,Sustainability of utility-scale solar energy – critical ecological concepts,0,2
S885DR26,Impacts of a concentrated solar power trough facility on birds and other wildlife in South Africa,1,2
RU8CEX8J,Planning for Future Solar Farm Develpoment in North Carolina: A Geographic Food-Energy-Water Approach,0,11
2M8JMFQI,Reduced ecosystem services of desert plants from ground-mounted solar energy development,0,2
CQ2HLSGW,Bird use of solar photovoltaic installations at US airports: implications for aviation safety,0,1
JQZU4ZHV,Non-invasive baseline genetic monitoring of the endangered San Joaquin kit fox on a photovoltaic solar facility,0,5
SI8VZ5K5,Solar park microclimate and vegetation management effects on grassland carbon cycling,0,9
HBVEBHJJ,The photovoltaic heat island effect: Larger solar power plants increase local temperatures,0,12
YFPCMH4D,Characterization of the impact on native bees from utility scale solar development in the desert (BLM Grant 2015-2016),0,2
4GPRND2G,Efficient use of land to meet sustainable energy needs,0,4
FILLHNF3,"Mitigation-driven translocation effects on temperature, condition, growth, and mortality of Mojave desert tortoise (Gopherus agassizii) in the face of solar energy development",0,2
RA263Q5Z,Reducing the maladaptive attractiveness of solar panels to polarotactic insects,11,9
ZD8ZI5KK,An approach to enhance the conservation-compatibility of solar energy development,5,4
K9B65GU6,Hydrologic response of solar farms,0,11
L7S6AECH,"A comprehensive review of the impact of dust on the use of solar energy: history, investigations, results, literature, and mitigation approaches",0,2
EGBM2FFT,Combining solar photovoltaic panels and food crops for optimising land use: Towards new agrivoltaic schemes,0,9
WL3FFBPI,Examining the potential for agricultural benefits from pollinator habitat at solar facilities in the United States,0,2
TWVF7N5N,Effects of revegetation on soil physical and chemical properties in solar photovoltaic infrastructure,0,2
NJ3GRD7A,"Wildlife conservation and solar energy development in the Desert Southwest, United States",5,2
BIK5DTMB,"Solar energy development and aquatic ecosystems in the Southwestern United States: Potential Impacts, Mitigation, and Research Needs",0,2
5Y5QAVAB,A summary of bird mortality at photovoltaic utility scale solar facilities in the Southwestern U.S.,1,2
RDV44BWU,Observations of greater sage-grouse at a solar energy facility in Wyoming,9,3
SSSLM8UD,Utility‐scale solar impacts to volant wildlife,1,8
HZF6M5PY,Opportunities for agrivoltaic systems to achieve synergistic food-energy-environmental needs and address sustainability goals,0,9
UCXFPYBY,Designing solar farms for synergistic commercial and conservation outcomes,0,11
S95HHVQL,Minimizing environmental impacts of solar farms: a review of current science on landscape hydrology and guidance on stormwater management,0,11
NGBB8KYW,Assessing population-level consequences of anthropogenic stressors for terrestrial wildlife,1,3
YIFIVT33,Land conversion for solar facilities and urban sprawl in southwest deserts causes different amounts of habitat loss for Ashmeadiella bees,0,2
M6BUTBAW,Opportunities to enhance pollinator biodiversity in solar parks,0,9
J8PC3P8P,Ground-mounted photovoltaic solar parks promote land surface cool islands in arid ecosystems,0,9
NJSAY5NU,"Aquatic habitat bird occurrences at photovoltaic solar energy development in Southern California, USA",0,2
IFUZXYKD,Microhabitats associated with solar energy development alter demography of two desert annuals,0,2
NK4SXXXD,Effects of photovoltaic solar farms on microclimate and vegetation diversity,0,9
9S3TNQVE,From butterflies to bighorns: multi-dimensional species-species and species-process interactions may inform sustainable solar energy development in desert ecosystems,0,2
XCB4CMQH,How to disguise evolutionary traps created by solar panels,11,9
CVKVPBTW,Genes in space: what Mojave Desert tortoise genetics can tell us about landscape connectivity,0,2
T3CEWS7P,"Partial shading by solar panels delays bloom, increases floral abundance during the late-season for pollinators in a dryland, agrivoltaic ecosystem",0,9
Q2LYUHG6,"Effects of solar parks on soil quality, CO2 effluxes and vegetation under Mediterranean climate manuscript title effects of solar parks on soil quality, CO 2 effluxes and vegetation under Mediterranean climate",0,9
W8IV8BT7,The potential of agrivoltaic systems,0,11
F8EKDZMZ,Multiyear monitoring of survival following mitigation-driven translocation of a long-lived threatened reptile,0,2
ZEQVNPLZ,Agrivoltaic systems to optimise land use for electric energy production,0,4
UPBBVQVE,The effects of solar farms on local biodiversity: A comparative study,0,11
YT85FJYQ,The use of mark-recapture techniques to study migration and population densities of Odonate species on a utility scale solar form,0,11
WXAX7UW4,Overview of opportunities for co-location of solar energy technologies and vegetation,0,2
C7EZ4IBL,Avian mortality at solar energy facilities in Southern California: A preliminary analysis,0,2
K42TK2FK,Quantifying the sensitivity of ephemeral streams to land disturbance activities in arid ecosystems at the watershed scale,0,2
HX4SHJXR,Solar energy development impacts on land cover change and protected areas,0,2
4F5QXH3D,Solar parks can enhance bird diversity in agricultural landscape,0,9
TGTS9F33,"Land-sparing opportunities for solar energy development in agricultural landscapes: A case study of the Great Central Valley, CA, United States",0,2
FQVRGN7K,Georectified polygon database of ground-mounted large-scale solar photovoltaic sites in the United States,0,2
I3VIRIUW,Environmental co‐benefits of maintaining native vegetation with solar photovoltaic infrastructure,0,2
XSG77NVX,Bioreplicated coatings for photovoltaic solar panels nearly eliminate light pollution that harms polarotactic insects,11,9
QLGU2N4Z,Solar energy-driven land-cover change could alter landscapes critical to animal movement in the Continental United States,0,2
N69TBE2M,Solar farm development in the United Kingdom,0,11
RVDJCBTB,Understanding Emerging Impacts and Requirements Related to Utility-Scale Solar Development,0,2
4JP43P78,Solar farm development impacts on Eastern Box Turtle (Terrapene Carolina) Home Ranges,4,11
MQ3827FW,Urban renewable energy and ecosystems: integrating vegetation with ground-mounted solar arrays increases arthropod abundance of key functional groups,0,9
9PT7RSYD,Use of a utility-scale solar energy facility by avian populations in Central California,0,2
DBLZSXZA,"A GIS-based Fuzzy-AHP method for the evaluation of solar farms locations: case study in Khuzestan province, Iran",0,11
CLXSYQJ7,"Honeybee pollination benefits could inform solar park business cases, planning decisions and environmental sustainability targets",0,9
S3H76MM5,Utility-scale solar farms and agricultural land values,0,11
MJB23V7A,"The impact of wetlands on avian diversity and species richness at Brookhaven National Laboratory (Long Island, New York)",0,11
FAU96DTL,Solar Energy Development in an Era of Looming Land Scarcity: Land-Use Metric Standardization and Novel Concepts,0,4
838RAXB3,Landowner decisions regarding utility-scale solar energy on working lands: a qualitative case study in California,0,2
KJ8Q8FYG,"Climate change, industrial solar, and the globalized local in Joshua Tree, California",1,4
H29MKUZS,Analyzing land and water requirements for solar deployment in the Southwestern United States,0,2
PAXEU43B,Solar park management and design to boost bumble bee populations,0,9
GXLILRN2,Solar energy development impacts flower-visiting beetles and flies in the Mojave Desert,0,2
UPHL5SE3,How much water can we save by achieving renewable portfolio standards in the Southwest United States?,0,2
8PWJKBSG,Scientific and stakeholder evidence-based assessment: Ecosystem response to floating solar photovoltaics and implications for sustainability,0,9
JC28VCFN,Evaluation of factors governing the use of floating solar system: a study on Iran’s important water infrastructures,0,9
QCR45NZQ,Observed impacts of utility-scale photovoltaic plant on local air temperature and energy partitioning in the barren areas,0,12
J9KTXJCF,Land-use efficiency of big solar,0,2
P37V74N7,Comments on: land use for United States power generation: A critical review of existing metrics with suggestions for going forward,0,7
WWTHNIT4,Mapping ephemeral stream networks in desert environments using very-high-spatial-resolution multispectral remote sensing,0,2
22792N4P,A case study identifying and mitigating the environmental and community impacts from construction of a utility-scale solar photovoltaic power plant in Eastern Australia,0,2
N5WC3CKP,Conservation planning for offsetting the impacts of development: A case study of biodiversity and renewable energy in the Mojave Desert,5,4
GARPFXYV,Strategic land use analysis for solar energy development in New York State,0,2
N9IXACY7,Utility-scale solar energy facilities – Effects on invertebrates in an arid environment,4,2
I2PSB3CW,"Remarkable agrivoltaic influence on soil moisture, micrometeorology and water-use efficiency",0,2
GJR5CFYP,Long-term monitoring of utility-scale solar energy development and application of remote sensing technologies: summary report,0,2
RTGBYST6,Impacts of solar energy on butterfly communities in mediterranean agro-ecosystems,0,2
2SYPB2RX,Effect of solar farms on soil erosion in hilly environments: A modeling study from the perspective of hydrological connectivity key points,0,11
IRXDXLLB,The potential for agrivoltaics to enhance solar farm cooling,0,11
HWW8Z4W9,"If you build it, will they come? Insect community responses to habitat establishment at solar energy facilities in Minnesota, USA",0,2
XZ5J8MGZ,Floating photovoltaic systems homogenize the waterbird communities across subsidence wetlands in the North China Plain,0,2
EFZCZFG5,Potential for leaching of heavy metals and metalloids from crystalline silicon photovoltaic systems,0,9
EVDQFULH,An array of challenges - and opportunities,0,2
M68ICGXJ,Agrivoltaic arrays can maintain semi-arid grassland productivity and extend the seasonality of forage quality,0,9
ADYIDAKR,Comprehensive evaluation of photovoltaic solar plants vs. natural ecosystems in green conflict situations,0,4
S4WGR26M,"A global assessment of the effects of solar farms on albedo, vegetation, and land surface temperature using remote sensing",0,11
M7RZFLM4,"Realising co-benefits for natural capital and ecosystem services from solar parks: A co-developed, evidence-based approach",0,9
6V9WILQ8,Agrivoltaics align with green new deal goals while supporting investment in the US’ rural economy,0,11
XSTNQPXH,Valuation of pollination services from habitat management: A case study of utility scale solar energy facilities in the United States,0,2
PN3BP9CG,"Evaluating soil erosion and runoff dynamics in a humid subtopic, low stream order, southern plains watershed from cultivation and solar farm development",0,11
X2A556LY,Agrivoltaic potential on grape farms in India,0,11
RDKVTXRX,Bioindication of environmental conditions using solar park vegetation,0,9
5ZJLV5NG,Polarized light pollution of matte solar panels: anti-reflective photovoltaics reduce polarized light pollution but benefit only some aquatic insects,11,9
6XIG8R9V,Golden Eagle breeding response to utility-scale solar development and prolonged drought in California,6,5
QKJR3XI6,Solar park – Opportunity or threat for vegetation and ecosystem,0,9
9NMJ2ZNK,Potential ecological impacts of ground-mounted photovoltaic solar panels,0,9
EPZ9DJSU,The use of solar farms by bats in mosaic landscapes: Implications for conservation,0,11
8GUW4N9R,"Assessing the impacts of a utility-scale photovoltaic solar energy facility on birds in the Northern Cape, South Africa",1,2
MXQGGZJB,Identifying habitat and solar site conflict in Georgia by developing an environmental sensitivity public mapping tool,0,
XFG5QEQK,Environmental impacts of solar photovoltaic systems: A critical review of recent progress and future outlook,0,2
DBT7RD46,National Solar Wildlife Research Plan 2023-2025,0,2
RU9BMNN4,Solar energy interactions with wildlife and their habitats: A summary of research results and priority questions,5,14
MJY3CWJC,Impacting habitat connectivity of the endangered Florida panther for the transition to utility-scale solar energy,0,2
3EQVLEVG,The contribution of Utility-Scale Solar Energy to the global climate regulation and its effects on local ecosystem services,0,2
LHC3NYCQ,Renewable energies and biodiversity: Impact of ground-mounted solar photovoltaic sites on bat activity,0,9
ZHVN7QAD,Environmental impacts of utility-scale solar energy,0,2
MX7Y5JW6,A review of avian monitoring and mitigation information at existing utility-scale solar facilities,0,2
J5A7QIWR,Using movement to inform conservation corridor design for Mojave Desert tortoise,0,2
NTU75BPZ,Proceedings of the second effects of noise on wildlife conference,5,4
BQG7CV8Z,Belowground biodiversity and ecosystem functioning,,2
XFJ8EAKB,Techno-economic analysis of incorporating up to 20% of wetland for the installation of a photovoltaic powerplant,0,11
DA3WFD47,"Knowns, uncertainties, and challenges in agrivoltaics to sustainably intensify energy and food production",0,11
QC6YKWGK,Master of Science in Environmental Sciences and Management,4,
3MFD8UR8,"Mapping photovoltaic power stations and assessing their environmental impacts from multi-sensor datasets in Massachusetts, United States",3,12
RC4NEXGH,Land of Opportunity: Potential for Renewable Energy on Federal Lands,0,4
M7L22LAD,Camtrap DP: an open standard for the FAIR exchange and archiving of camera trap data,8,15
BQF2UPWV,Ecological effects of preferential vegetation composition developed on sites with photovoltaic power plants,0,12
8ZL3AY5D,Management of U.S. agricultural lands differentially affects avian habitat connectivity,0,3
WS9QNTXS,When do we need more data? A primer on calculating the value of information for applied ecologists,,6
G6H5MXWK,"Water, environment, and socioeconomic justice in California: A multi-benefit cropland repurposing framework",0,
Y87SWAP8,Role of smart grid in renewable energy: an overview,7,4
LWDPHISS,Raptor interactions with electrical systems: progress and knowledge gaps,9,1
ZLABEQXE,Protecting endangered species in an era of climate change: The need for a smarter land use ethic,2,4
95X46UU3,Paths to a low-carbon economy—The Masdar example,0,2
CSAQ5WZH,Nauru: proactive recovery to create sustainable agriculture and improved dietary needs,,
PNE2QUCB,"Morbidity and mortality weekly report national, regional, state, and selected local area vaccination coverage among adolescents aged 13-17 years-United States, 2017",,0
3Q2KDY36,Investigating the viability of agave americana as a potential bioenergy feedstock and its relative impact on surrounding wildlife,2,
927RRE6W,Environmental impacts of renewable energy technologies,5,4
59XIEZJ6,Effects of renewable energy production and infrastructure on wildlife,5,4
EY66ZF26,Comparative phylogeography clarifies the complexity and problems of continental distribution that drove A. R. Wallace to favor islands,,1
JEVAAGW4,Climate change and emerging pathogens: toward nature-based solutions,5,4
B3CSI5K2,Assessing and managing for soil health on rangelands and pasture lands,0,
QRZ8QYV8,Effect of shading determined by photovoltaic panels installed above the vines on the performance of cv. Corvina (Vitis vinifera L.),0,12
HZFYS433,Assessing renewable energy potential on United States marginal and contaminated sites,0,4
RQDPVHNQ,Renewable energy potential on marginal lands in the United States,0,4
RESN9J4B,Combining food and energy production: Design of an agrivoltaic system applied in arable and vegetable farming in Germany,0,11
5R8R7N4X,Development of a landscape integrity model framework to support regional conservation planning,,12
JKWVWHUN,Toxic trace elements at gastrointestinal level,0,
2N749MFT,Environmental impacts of photovoltaic power plants in northwest China,0,12
AA8QVNHJ,Assessment of the ecological and environmental effects of large-scale photovoltaic development in desert areas,0,4
PPAHVXJE,"The Problems of Artificial Light at Night, is a Solution at Hand?",11,9
FRINYAYZ,Green urbanism for the greener future of Metropolitan Areas,5,6
NHAMM5DF,A compilation of internship reports 2013,3,
WDKL3TG3,Agricultural energy demand and use,0,11
EHTITEEX,Desert conservation priorities mapping tool,0,4
DZPHI9CR,"Evaluating the thermal environmental alterations due to photovoltaic installations in the Kushida River Basin, Japan",0,11
4BVXYLS5,Impact of renewable energy sources on birds of prey,5,4
8H6LVA63,"Impacts of agrivoltaic systems on microclimate, water use efficiency, and crop yield: A systematic review",0,2
XFP7HMU5,Aligning renewable energy expansion with climate-driven range shifts,5,4
Q5JVWAF2,Four key challenges in the open‐data revolution,,1
CQ9HS485,Golden eagle predation on endangered San Joaquin kit foxes,0,5
T3Y3B8KI,"Hare don't care! Consumption of a rare, desert milkweed containing phytochemicals by the black-tailed jackrabbit",0,2
8STXI62T,Fate and exposure assessment of Pb leachate from hypothetical breakage events of perovskite photovoltaic modules,0,2
M6BF6EKS,Ecology of the Western Queen Butterfly Danaus gilippus thersippus (Lepidoptera: Nymphalidae) in the Mojave and Sonoran Deserts,0,6
XD5BVK6N,"The influence of stream channels on distributions of <i>Larrea tridentata</i> and <i>Ambrosia dumosa</i> in the Mojave Desert, CA, USA: patterns, mechanisms and effects of stream redistribution",0,2
DX4Y9GMJ,The impact of photovoltaic projects on ecological corridors through the Least-Cost Path model,0,3
ET4PV7UT,Effects of photovoltaic panels on soil temperature and moisture in desert areas,0,12
NVB7GBP2,Large‐scale photovoltaic farms significantly change the vegetation diversity and biomass through influencing soil moisture and physiochemical properties,0,12
TT5BMJKX,Evidence of photovoltaic aridity mitigation in semi-arid grasslands,0,9
89WN3TR9,2: Are Renewable Energy Technologies Compatible with Biodiversity Conservation? The Energy–Conservation Legal Nexus,5,4
ZLJJJA5F,Lampropeltis calligaster (Prairie Kingsnake). Habitat,9,
9U69PJDA,Water-mediated vegetation impacts of photovoltaic plants: insights from field and satellite data on the Qinghai-Xizang Plateau,0,9
SUHJIFKI,Matching renewable energy and conservation targets for a sustainable future,0,4
4YTEFIVI,Environmental Heterogeneity Imposed by Photovoltaic Array Alters Grassland Soil Microbial Communities,0,9
QSKS9CGI,Habitat selection by juvenile Mojave Desert Tortoises,0,2
B8CLGU5A,Turtles and tortoises are in trouble,4,2
NBF3B97J,COMPARISON OF AERIAL AND BOAT-BASED SURVEY METHODS FOR MARBLED MURRELETS BRACHYRAMPHUS MARMORATUS AND OTHER MARINE BIRDS,8,0
RDFBT6KZ,"Partly Cloudy with a Chance of Migration: Weather, Radars, and Aeroecology",8,4
9VQMYMQ4,Analyzing NEXRAD doppler radar images to assess nightly dispersal patterns and population trends in Brazilian free-tailed bats (Tadarida brasiliensis),8,0
BQBRKPJA,Effect of passive acoustic sampling methodology on detecting bats after declines from white nose syndrome,1,16
EVWNZXCW,Anthropogenic noise alters bat activity levels and echolocation calls,1,0
XLL9MFET,"Gruver - 2002 - Assessment of bat community structure and habitat preferences for the hoary bat Lasiurus cinereus) near Foote Creek Rim,",7,0
R4G7EGSS,"HEIGHT, GUY WIRES, AND STEADY-BURNING LIGHTS INCREASE HAZARD OF COMMUNICATION TOWERS TO NOCTURNAL MIGRANTS: A REVIEW AND META-ANALYSIS",1,2
BSRX3W9A,"Radar, Study - 2011 - Avian Radar Baseline Study Final Survey Report for the Proposed Reedsport Ocean Power Technologies Wave Park",8,7
H73ZIUS9,Improved Analysis of Long-Term Monitoring Data Demonstrates Marked Regional Declines of Bat Populations in the Eastern United States,1,16
DHZ9IVE6,Unknown - Unknown - NOAA_TM_351_Bjorndal_etal_14.pdf,4,7
9QYRRWG3,Interim Technical Report for the Rhode Island Ocean Special Area Management Plan 2010,2,14
R4KB4FE8,Maine Audubon winter power siting guidelines,3,7
E4G6DCQM,"Migratory stopover in the long‐distance migrant silver‐haired bat, Lasionycteris noctivagans",1,0
J4R7NW7R,Radar analysis of fall bird migration stopover sites in the northeastern U.S.,8,7
LUBVMCUV,Polarized light pollution: a new kind of ecological photopollution,11,9
XBZI94FX,An evaluation of five agricultural habitat types for openland birds: abandoned farmland can have comparative values to undisturbed wetland,0,2
I5VR9F88,How Long Do the Dead Survive on the Road? Carcass Persistence Probability and Implications for Road-Kill Monitoring Surveys,1,8
7K4IDJJG,"Region - 2004 - Review of Scientific Information on Impacts of Seismic Sound on Fish , Invertebrates , Marine Turtles and Marine Mammals",4,6
HH5YJ2M2,Bats of Texas,10,0
9EP74HN7,Ultraviolet Vision and Avoidance of Power Lines in Birds and Mammals,2,13
UWBYSDQY,Unknown - 2004 - Understanding and Resolving Bird and Bat Impacts(2),4,8
FWAIVI3T,Office of Migratory Bird Management,0,14
ZCIZDULL,Quantification of bird migration using Doppler Weather Surveillance Radars (NEXRAD),8,7
SQ2H7H7S,Handbook of field methods for monitoring landbirds,,
PRQDCJ6K,Bird Radar Validation in the Field by Time-Referencing Line-Transect Surveys,8,7
7977GG5V,Radar Ornithology and the Conservation of Migratory Birds,8,7
EQH5YC73,Detection and assessment of electrocution in endangered raptors by infrared thermography,1,4
ES9BQZRM,Birds and wave & tidal stream energy: an ecological review,4,1
YJ3YAK2T,An estimate of avian mortality at communication towers in the United States and Canada,1,12
9KMGADYT,Phillips - 1986 - Current issues concerning the management of Golden Eagles in western USA(2),6,5
B89AB2AJ,Greater Sage-Grouse Response to the Physical Footprint of Energy Development,9,3
CNV47LLE,Ectoparasite and trichomonosis management improve nestling golden eagle (Aquila chrysaetos) health and survival: An effective mitigation strategy,6,5
ANQHMQ2M,Golden eagle use of winter roadkill and response to vehicles in the western United States,6,5
YFIN25ZM,Improving estimation of flight altitude in wildlife telemetry studies,6,0
S9RLGT32,The state of the bats in North America,1,16
IYP84S9W,Warming up and shipping out: arousal and emergence timing in hibernating little brown bats (Myotis lucifugus),1,16
FJLV3KSE,"Acoustic masking in marine ecosystems: intuitions, analysis, and implication",4,6
BFRXRCRI,"Measurements of underwater noise during piling at the Red Funnel Terminal, Southampton, and observations of its effect on caged fish.",4,6
UID5C2KS,Timing and flight mode of departure in migrating European bee-eaters in relation to multi-scale meteorological processes,0,
DHZ57DMT,Impacts of disturbance on migratory waterfowl,7,3
I9SI2FZZ,Beaked Whales respond to simulated and actual Navy sonar,4,6
EQDTFZH3,Assessing and Analyzing Bat Activity with Acoustic Monitoring: Challenges and Interpretations,1,0
9IL6BRGI,"Comparison of design and model-based estimates of seabird abundance derived from visual, digital still transects and digital video aerial surveys in Carmarthen Bay",8,6
GZ4HRE2I,"Comparison of visual and digital aerial survey results of avian abundance for Round 3, Norfolk Region",8,6
XSNSY9W4,Validating BlackwellPublishingLtd. the use of generalized additive models and at-sea surveys to estimate size and temporal trends of seabird populations,2,17
85V84VCV,Bird Strike Indicator/Bird Activity Monitor and Field Assessment of Avian Fatalities,1,5
9WLGG64U,Threshold for Onset of Injury in Chinook Salmon from Exposure to Impulsive Pile Driving Sounds,4,6
U8WXGTNM,Studying the Migratory Behavior of Individual Bats: Current Techniques and Future Directions,1,3
ZZK3CE6X,Hierarchical Models and Bayesian Analysis of Bird Survey Information,1,
W9QTTIW6,Trial High Definition Video Survey of Seabirds,8,6
ICPZH6JJ,EFFECTS OF PILE-DRIVING NOISE ON THE BEHAVIOUR OF MARINE FISH,4,6
SHHI5LSY,"Lethal and physical injury of marine mammals, and requirements for Passive Acoustic Monitoring.",4,0
D66L5USK,"Responses of the big brown bat, Eptesicus fuscus, to an acoustic deterrent device in a lab setting",7,0
UQMXDTCY,Beware the Boojum: Caveats and Strengths of Avian Radar,8,7
22X73NQA,Techniques for Shipboard Surveys of Marine Birds,8,14
MCKK68Z3,Measuring Underwater Background Noise in High Tidal Flow Environments,4,6
IDUIE6WC,A comparison of acoustic versus capture techniques for the inventory of bats,7,6
YAQNSIA4,The monitoring of natural soil CO<sub>2</sub> emissions: Issues and perspectives,0,
AKI8I47C,Novel ecosystems: implications for conservation and restoration,5,4
FMRYBF8Q,Emission of carbon dioxide from soil,0,11
V7HVJSL8,Do you hear what I hear? Implications of detector selection for acoustic monitoring of bats,1,0
4LBQV7CN,Do Raptors React to Ultraviolet Light?,9,13
KNIUVN9Z,An emerging disease causes regional population collapse of a common North American bat species,1,16
TIXXT8QY,"A five-year assessment of mortality and geographic spread of white-nose syndrome in North American bats, with a look at the future. Update of white- nose syndrome in bats",1,16
DYR4DUVE,"Bald and Golden Eagles: Population demographics and estimation of sustainable take in the United States, 2016 update",6,5
TLG9TANL,Quantifying the demographic cost of human-related mortality to a raptor population,9,0
L2LQA39Q,Annual Energy Outlook 2025,13,12
7FN2XW75,Summer Occupancy Analysis 2010-2019,1,
TAIWV6CD,"NABat: A top-down, bottom-up solution to collaborative continental-scale monitoring",2,16
MCIKGXNJ,Biological Correlates of Extinction Risk in Bats,1,2
R3JV6Q5L,Disease and ectoparasite management improve nestling golden eagle health and survival: An effective mitigation strategy,6,5
EEY9Q6LY,"COSEWIC assessment and status report on the hoary bat Lasiurus cinereus, eastern red bat Lasiurus borealis and silver-haired bat Lasionycteris noctivagans in Canada",7,0
LMXADYXV,Life History of Bats: Life in the Slow Lane,9,3
ZF3KZ4CJ,"Migration Counts of Raptors at Hawk Mountain, Pennsylvania, as Indicators of Population Trends, 1934-1986",9,5
ZKPRF9YG,Clean Power Annual Market Report 2023,3,
5GB5YBSV,Refining Estimates of Bird Collision and Electrocution Mortality at Power Lines in the United States,1,13
A2DN2DUD,The impact of free-ranging domestic cats on wildlife of the United States,5,7
I8QNSRIC,Estimation of bird‐vehicle collision mortality on U.S. roads,1,18
HIT4YLUE,Novel ecosystems: theoretical and management aspects of the new ecological world order,5,12
W86ADKC2,GenEst - A Generalized Estimator of Mortality - R code & GUI: U.S. Geological Survey Software Release,14,3
EPFR7TNH,GenEst user guide— Software for a generalized estimator of mortality: U.S. Geological Survey Techniques and Methods,14,3
E75ICWPH,Evaluation of the Turbine Integrated Mortality Reduction (TIMR<sup>SM</sup>) Technology as a Smart Curtailment Approach (Final Summary Report),7,3
9UUZDMN3,Screening analysis for the environmental risk evaluation system - Task 2.1.1.2: evaluating effects of stressors,1,
FDWSN8J6,"A review of post-construction monitoring practices used in the evaluation of transmission power line impacts on birds and mitigation effectiveness, with proposals for guideline improvement",3,13
TX5FWVYC,"Hastings, Popper - 2005 - Effects of sound on Fish",4,6
NGHP4FNU,Macleod et al. - 2010 - Approaches to marine mammal monitoring at marine renewable energy developments Final Report,4,10
3YI5L7D7,NREL_bat_fatality_factsheet_60427,1,0
T6ZAHP6F,Comparing acoustic and radar deterrence methods as mitigation measures to reduce human-bat impacts and conservation conflicts,8,8
P6WPPP68,WWRF-Landscape-Factors-and-Migratory-Tree-Bats_Results-Summary,1,0
526P2MQG,2212448,,
VE9VN8YY,Development of a non-invasive method for species and sex identification of rare forest carnivores using footprint identification technology,0,5
BCUZXVZ9,Petersen et al. - 2011 - Comparing pre- and post-construction distributions of long-tailed ducks Clangula hyemalis in and around the Nys,2,13
U69EUX2E,NWCC_WWRM_IX_Proceedings__05-13-13_,5,
Q3T9BLHI,jpe12909-sup-0001-appendixs1,7,
D57JSBMY,final-volume-3,3,
YITZ34HH,Federal Aviation Administration - 2007 - Obstruction marking and lighting(2),11,1
9VYW2WBV,Evidence of absence (v2.0) software user guide,14,3
P8YQ5ZW9,Close and connected: The effects of proximity and social ties on citizen opposition to electricity transmission lines,10,10
REB4GKMA,Modeling offshore bat activity over Danish water,1,0
ZN8YZUHI,REWI Technical Report: Bat Fatality Data,1,14
9DHB8SW7,Stakeholder Insights on Nature Inclusive Design in Offshore Renewable Energy Developments in the UK Waters,5,4
BJHLDDWT,Sonic Deterrents in Animal Damage Control: A review of device tests and effectiveness,7,8
PT456BWR,Lasers as Non-lethal Avian Repellents: Potential Applications in the Airport Environment,,2
3JV6H9VM,A critical appraisal of 40 years of avian collision risk modelling: How have we got here and where do we go next?,2,15
5MGV8B96,High-frequency and high-amplitude sounds enhance bird deterrence,4,0
9RANXND9,Threats to seabirds: A global assessment,2,9
W794CHLW,Visual deterrents and physical barriers as non-lethal pigeon control on University of South Africa’s Muckleneuk campus,1,2
QBQT97LG,A review of the scientific evidence on the impact of biologically salient frightening devices to protect crops from avian pests,1,6
WAYZBSVV,Development by design: blending landscape‐level planning with the mitigation hierarchy,5,4
QWRQEIA8,Effects of artificial lights and moonlight on petrels at St Kilda,11,7
SJP99EYK,Monitoring the world's bird populations with community science data,,4
CU7Q9LNJ,Avoiding impacts on biodiversity through strengthening the first stage of the mitigation hierarchy,5,4
28AHTEK4,B Finder: 24 Month Test Report for T-Series,1,
VIRGP9U8,Green Light for Nocturnally Migrating Birds,11,7
5XVPLH5F,"Guidelines for impact assessment, monitoring and mitigation",3,1
G9RZXJFW,Enhancing Flight Path Separation to Reduce Bird Strikes with Ultraviolet Radiation,11,13
QXLR75TD,"Avoidance of different durations, colours and intensities of artificial light by adult seabirds",11,9
PQ27S2XP,"Evaluation of a radar-activated, demand-performance bird hazing system",8,12
EPLEAHXN,2025_WildlifeAcoustics_SMART Case Study-REV,2,6
XYREEPQZ,Compensatory Measures in European Nature Conservation Law,5,6
5WLCQD8B,Ecological Impact of Artificial Light at Night: Effective Strategies and Measures to Deal with Protected Species and Habitats,11,9
CZQPY7ND,Unmanned installations and birds,2,
3MXALCGA,Compensatory Mitigation Webinar 3: Grouse Management and Conservation,13,0
W4FQAPD2,Using the California Waterfowl Tracker to Assess Proximity of Waterfowl to Commercial Poultry in the Central Valley of California,7,2
AGTEK3GD,Green potential: Photovoltaics as an example of renewable energy supporting biodiversity,5,4
ZZUXC4HV,Compensatory Mitigation Webinar 1: Regulatory Landscape,13,0
XR7VW6AJ,"NREL/REWI Hoary Bat Webinar Series: Webinar 1: Hoary Bat Behavior, Ecology, and Movement",13,0
2U72APVL,Compensatory Mitigation Webinar 2: Funding Mechanisms,13,0
GZKC3J5H,Compensatory Mitigation Webinar 4: Thinking Outside the Box,13,0
3S8RUZMG,REWI Agrivoltaics Webinar,13,0
2P9MY9GS,Improving geographically extensive acoustic survey designs for modeling species occurrence with imperfect detection and misidentification,1,5
M728MJRV,GenEst statistical models - A generalized estimator of mortality,14,1
IUDK8DZM,AudioMoth: Evaluation of a smart open acoustic device for monitoring biodiversity and the environment,2,0
U7A5NSDK,Neural networks and the bias/variance dilemma,,
EXB8MDQ4,A working guide to boosted regression trees,1,
ACW6E5NE,Preserving connectivity under climate and land-use change: No one-size-fits-all approach for focal species in similar habitats,5,4
E272EQTK,A Comparison of Bat Activity in a Managed Central Hardwood Forest,1,0
AUSEHQCX,Quantification of bird migration by radar – a detection probability problem,8,7
ARC5D4CN,Bat Impact Minimization Technology,7,8
QH27F7IV,Automatic detection of migrating soaring bird flocks using weather radars by deep learning,8,7
8Z2MY6WP,A hierarchical distance sampling approach to estimating mortality rates from opportunistic carcass surveillance data,1,15
RXSKKKPT,Impact of Agrochemicals on Soil Microbiota and Management: A Review,0,9
IUS55Y7S,Terrestrial ecosystem functioning affected by agricultural management systems: A review,0,12
JRB32PP5,Technology Catalog,10,
